,NVDA,AAPL,GOOGL,GOOG,MSFT,AMZN,AVGO,TSLA,META,LLY,MU,BRK-B,JPM,WMT,AMD,V,XOM,JNJ,MA,INTC,ABBV,CSCO,PLTR,BAC,ORCL,COST,CVX,LRCX,KO,AMAT,CAT,MRK,GE,UNH,MS,PG,HD,NFLX,GS,PM,PANW,DELL,RTX,GEV,WFC,TXN,KLAC,ANET,AMGN,SNDK
2016-09-01,1.6828714609146118,25.852914810180664,39.849639892578125,38.52482604980469,51.14692306518555,41.865501403808594,13.264945030212402,13.60200023651123,127.15339660644531,68.63209533691406,17.337940216064453,144.47000122070312,51.202354431152344,20.34224510192871,6.909999847412109,77.06438446044922,56.6630973815918,90.44934844970703,95.95539093017578,30.5870361328125,41.838050842285156,23.571353912353516,,12.582660675048828,33.83230209350586,128.8354034423828,67.50382232666016,8.29875659942627,31.22490119934082,27.099136352539062,71.28386688232422,44.14118957519531,128.0467071533203,119.25276184082031,24.198070526123047,68.3504638671875,101.57389068603516,9.854999542236328,131.78228759765625,59.973121643066406,26.55500030517578,12.186124801635742,50.91270446777344,,33.623382568359375,53.398040771484375,5.951050281524658,5.317500114440918,123.79608154296875,
2016-10-01,1.7477107048034668,25.964967727661133,40.139076232910156,38.884178161621094,53.20699691772461,39.49100112915039,13.0927095413208,13.182000160217285,129.8497314453125,63.142173767089844,16.733356475830078,144.3000030517578,53.642520904541016,19.749919891357422,7.230000019073486,76.88733673095703,54.092227935791016,88.81077575683594,101.0952377319336,28.253509521484375,37.34333038330078,22.986936569213867,,13.266061782836914,33.219764709472656,124.91566467285156,68.7040786743164,8.487143516540527,31.283939361572266,26.137409210205078,67.61144256591797,41.53134536743164,125.79869079589844,120.38570404052734,25.489547729492188,66.61424255371094,96.30894470214844,12.487000465393066,145.6493377685547,59.491939544677734,25.63833236694336,12.514997482299805,51.21337890625,,34.9370231628418,53.90781784057617,6.412041187286377,5.296875,104.76024627685547,
2016-11-01,2.267849922180176,25.404094696044922,38.453025817871094,37.57075119018555,53.870391845703125,37.528499603271484,13.108855247497559,12.626667022705078,117.38912963867188,57.77163314819336,19.044424057006836,157.44000244140625,62.092411041259766,19.86556625366211,8.90999984741211,72.20266723632812,57.17793273925781,85.80865478515625,96.54206848144531,28.32864761352539,40.70409393310547,22.34259033203125,,17.043560028076172,34.75019073486328,127.19823455810547,73.9031982421875,9.28977108001709,30.0230655670166,29.0343017578125,77.41374206542969,43.2783203125,132.97488403320312,135.3948516845703,31.40445327758789,63.28354263305664,102.68456268310547,11.699999809265137,179.74887084960938,54.458187103271484,22.395000457763672,13.65457820892334,54.31237030029297,,40.51883316040039,56.66286849975586,6.864941120147705,5.925624847412109,107.6421127319336,
2016-12-01,2.6254899501800537,26.622358322143555,39.274253845214844,38.253726959228516,55.551063537597656,37.493499755859375,13.669424057006836,14.246000289916992,114.0484848022461,63.306087493896484,21.3750057220459,162.97999572753906,66.83241271972656,19.63559913635254,11.34000015258789,72.85630798339844,59.116615295410156,88.8231201171875,97.53392791748047,29.610370635986328,41.92253112792969,22.642282485961914,,17.83440589904785,33.2457160949707,135.6719207763672,77.97063446044922,9.304582595825195,30.848987579345703,29.09742546081543,75.12921905517578,41.95694351196289,137.63424682617188,136.86572265625,32.08021926879883,64.52679443359375,106.39836883544922,12.380000114440918,196.27377319335938,57.0875358581543,20.84166717529297,14.014043807983398,55.270355224609375,,42.195640563964844,55.927085876464844,6.765199184417725,6.04812479019165,109.24098205566406,
2017-01-01,2.6855080127716064,27.893484115600586,40.64905548095703,39.49131774902344,57.79490280151367,41.17399978637695,15.427106857299805,16.795333862304688,129.185546875,66.30140686035156,23.510562896728516,164.13999938964844,65.90940856933594,18.959487915039062,10.369999885559082,77.23588562011719,54.944522857666016,87.31204986572266,100.65156555175781,30.05938148498535,41.324424743652344,23.214542388916016,,18.27017593383789,34.81684494018555,138.92584228515625,73.76409149169922,10.108050346374512,30.930837631225586,30.882768630981445,78.13777923583984,44.180580139160156,129.35879516601562,138.6274871826172,32.409706115722656,67.76099395751953,109.17578125,14.071000099182129,187.97032165527344,59.98277282714844,24.593332290649414,16.058658599853516,55.29557418823242,,43.12974548339844,58.264400482177734,7.3180742263793945,5.875,117.06365203857422,
2017-02-01,2.4992599487304688,31.62500762939453,41.87518310546875,40.80077362060547,57.542694091796875,42.25199890136719,16.310977935791016,16.666000366210938,134.360107421875,71.75602722167969,22.85721778869629,171.4199981689453,70.57438659667969,20.149784088134766,14.460000038146973,82.27607727050781,53.74831771850586,94.84336853027344,104.56101989746094,29.764190673828125,41.81807327270508,25.829206466674805,,19.916431427001953,36.96957778930664,150.5408935546875,75.2392578125,10.431903839111328,31.221017837524414,32.75218200683594,78.95458984375,46.94586944580078,130.87351989746094,141.43252563476562,34.83527755737305,70.44512939453125,114.99246215820312,14.213000297546387,203.8627166748047,68.23171997070312,25.316667556762695,16.18613624572754,57.08536148071289,,44.61751174926758,59.0974006652832,7.797452926635742,7.436874866485596,132.80430603027344,
2017-03-01,2.6827399730682373,33.16481399536133,42.017417907714844,41.11549758911133,59.233543395996094,44.32699966430664,17.008712768554688,18.553333282470703,140.81346130371094,72.88250732421875,28.181467056274414,166.67999267578125,68.40931701660156,20.62703514099121,14.550000190734863,83.14617156982422,54.20436096191406,96.6594009399414,106.46366119384766,29.657316207885742,44.06316375732422,25.542041778564453,,19.094846725463867,38.7230110168457,142.47772216796875,71.808349609375,11.33911418914795,31.856882095336914,35.17558670043945,75.7689437866211,45.61207962036133,130.82960510253906,140.7837371826172,32.676673889160156,69.50141906738281,117.22515869140625,14.781000137329102,188.79034423828125,71.09539794921875,18.780000686645508,16.336549758911133,56.91290283203125,,42.90618133544922,62.13633728027344,8.22574234008789,8.266875267028809,123.43057250976562,
2017-04-01,2.568711757659912,33.162506103515625,45.81970977783203,44.90211486816406,61.57194137573242,46.2495002746582,17.152427673339844,20.937999725341797,148.94204711914062,71.10615539550781,26.9820499420166,165.2100067138672,68.14444732666016,21.514163970947266,13.300000190734863,85.34484100341797,53.96641159057617,95.82119750976562,110.3245849609375,29.723079681396484,45.03424072265625,25.97036361694336,,18.892478942871094,39.1949577331543,150.82974243164062,71.36029052734375,12.795812606811523,32.38983917236328,36.72187805175781,84.22264862060547,44.743465423583984,127.2734375,150.11441040039062,33.23072814941406,68.06940460205078,124.6260757446289,15.220000267028809,183.92518615722656,69.79817199707031,18.06833267211914,17.1090145111084,60.35171890258789,,41.503231048583984,61.45076370239258,8.498289108276367,8.727499961853027,122.8663558959961,
2017-05-01,3.5588126182556152,35.41115951538086,48.92070388793945,47.82136917114258,63.17314910888672,49.73099899291992,18.602699279785156,22.733999252319336,150.14151000976562,69.39376831054688,30.00497055053711,165.27999877929688,64.34559631347656,22.643375396728516,11.1899995803833,89.254638671875,53.70877456665039,100.19084167480469,116.54646301269531,29.911067962646484,45.088863372802734,24.034208297729492,,18.19927406311035,39.56981658935547,159.9612274169922,69.91073608398438,13.707464218139648,34.131317138671875,41.58026885986328,86.83349609375,46.73908996582031,120.2051773071289,150.3719024658203,31.981800079345703,68.6617660522461,123.2664794921875,16.30699920654297,174.20391845703125,75.4404525756836,19.764999389648438,17.690282821655273,61.849456787109375,,39.698490142822266,64.01959228515625,9.046875953674316,9.211250305175781,117.63204193115234,
2017-06-01,3.5639889240264893,33.38515853881836,46.075439453125,45.03940200805664,62.35000991821289,48.400001525878906,18.18031120300293,24.107332229614258,149.6656951904297,71.77460479736328,29.117599487304688,169.3699951171875,71.59085083007812,21.802175521850586,12.479999542236328,87.89563751220703,53.862247467041016,103.34696197509766,115.19017791748047,27.947925567626953,49.52127456665039,23.858888626098633,,19.7016658782959,43.71075439453125,141.7868194580078,70.4850082397461,12.529210090637207,33.9429817199707,37.438560485839844,88.50540924072266,46.34516906738281,119.58112335205078,159.81906127929688,34.14252471923828,67.92910766601562,123.17820739746094,14.940999984741211,182.9776153564453,74.59593963623047,22.301666259765625,15.579376220703125,62.27275085449219,,43.01316452026367,59.70454025268555,7.960383415222168,9.3618745803833,130.50607299804688,
2017-07-01,4.006530284881592,34.47698211669922,46.85948944091797,46.11838912963867,65.76014709472656,49.388999938964844,19.242034912109375,21.564666748046875,167.77667236328125,72.08858489990234,27.420860290527344,174.97000122070312,72.29965209960938,23.0438175201416,13.609999656677246,93.31294250488281,53.40185546875,103.68290710449219,121.43407440185547,29.380935668945312,48.17475891113281,24.197202682495117,,19.587974548339844,43.691871643066406,140.5278778076172,73.76840209960938,14.126480102539062,34.69221496582031,40.157405853271484,94.52810668945312,46.19331359863281,113.3829116821289,165.32676696777344,36.12677764892578,71.34504699707031,120.1268310546875,18.166000366210938,185.8059844970703,74.12594604492188,21.963333129882812,16.384984970092773,60.467430114746094,,41.872047424316406,63.54313278198242,8.05781078338623,9.3306245803833,132.2338104248047,
2017-08-01,4.18105936050415,38.16600036621094,47.34220504760742,46.556026458740234,67.99285888671875,49.029998779296875,19.664072036743164,23.726667404174805,170.47300720214844,71.34595489501953,31.17513084411621,181.16000366210938,71.58296966552734,22.632160186767578,13.0,97.18070220947266,51.420223236083984,104.06726837158203,126.66014862060547,29.267671585083008,51.88898468017578,24.781940460205078,,19.50041961669922,44.041893005371094,139.4029998779297,73.4382553100586,14.704082489013672,34.472740173339844,40.986141204833984,97.4647445678711,46.178863525390625,108.6899642944336,171.43789672851562,35.048362731933594,72.48411560058594,121.05537414550781,17.47100067138672,185.125,74.26567077636719,22.114999771118164,19.102645874023438,61.42470932006836,,39.9321174621582,64.66751098632812,8.204940795898438,11.009374618530273,135.61245727539062,
2017-09-01,4.411286354064941,35.866729736328125,48.25808334350586,47.5363883972168,67.73823547363281,48.067501068115234,18.997974395751953,22.739999771118164,169.38253784179688,75.07604217529297,38.35214614868164,183.32000732421875,75.22159576416016,22.652454376220703,12.75,98.79537200927734,55.226375579833984,102.2118911743164,134.16656494140625,31.779664993286133,61.23311233520508,25.874465942382812,,20.68400001525879,42.309288024902344,146.1178741455078,80.18021392822266,16.436124801635742,34.335113525390625,47.317543029785156,103.45413970947266,46.636680603027344,108.1214828491211,169.4496307373047,37.105045318603516,71.47073364257812,132.1132354736328,18.135000228881836,196.25367736816406,71.17821502685547,24.016666412353516,19.683902740478516,59.55713653564453,,43.12232208251953,69.99266052246094,9.28299617767334,11.850625038146973,142.23402404785156,
2017-10-01,5.103191375732422,39.33890914916992,51.19801330566406,50.38774490356445,75.64059448242188,55.263999938964844,20.671876907348633,22.101999282836914,178.4925537109375,71.91642761230469,43.20832824707031,186.94000244140625,79.70140838623047,25.31079864501953,10.989999771118164,103.2451400756836,56.1492805480957,109.60201263427734,141.57870483398438,37.96369934082031,62.62483596801758,26.50159454345703,,22.357336044311523,44.71636199951172,143.26296997070312,79.0815658569336,18.526159286499023,35.07505798339844,51.259918212890625,113.32588195800781,40.12517166137695,90.1459732055664,181.88255310058594,38.70380783081055,68.3339614868164,133.9063720703125,19.64299964904785,200.63064575195312,67.09384155273438,24.53333282470703,21.10137367248535,61.445220947265625,,43.89640808105469,75.98062896728516,9.53608512878418,12.493124961853027,133.66720581054688,
2017-11-01,4.956110954284668,40.13662338256836,51.3531379699707,50.62416076660156,76.92520904541016,58.837501525878906,21.770832061767578,20.59000015258789,175.6376190185547,74.75526428222656,41.33607482910156,193.00999450683594,82.79885864257812,28.18657684326172,10.890000343322754,105.882568359375,56.62815475463867,110.20990753173828,143.19651794433594,37.64299392700195,67.253173828125,28.946104049682617,,23.09200096130371,43.09989929199219,164.51693725585938,81.9570541381836,17.083650588989258,35.201107025146484,48.01690673828125,117.79049682617188,40.25627136230469,81.78421783447266,198.07945251464844,39.9500732421875,71.2227554321289,145.98284912109375,18.757999420166016,205.5439910888672,65.88199615478516,24.291667938232422,19.94649887084961,62.685543060302734,,44.46293640136719,76.45210266113281,9.005839347839355,14.569999694824219,134.91883850097656,
2017-12-01,4.778075695037842,39.52471160888672,52.207061767578125,51.862735748291016,78.17731475830078,58.4734992980957,20.256183624267578,20.75666618347168,174.9239044189453,74.59632110595703,40.09763717651367,198.22000122070312,84.71593475341797,28.778076171875,10.279999732971191,107.22738647460938,56.8661003112793,110.51838684082031,144.04354858398438,38.75114059448242,67.10743713378906,29.722137451171875,,24.198650360107422,41.53614807128906,166.0244598388672,86.22742462158203,16.39531707763672,35.285709381103516,46.51552200317383,131.50144958496094,41.3332405090332,78.5668716430664,191.38623046875,40.615787506103516,72.71861267089844,153.86569213867188,19.195999145507812,211.4536895751953,68.41854095458984,24.156667709350586,20.721511840820312,65.84432220458984,,47.7698974609375,82.07070922851562,9.255118370056152,14.723750114440918,133.5670623779297,
2018-01-01,6.06951379776001,39.10430145263672,58.591453552246094,57.98575973510742,86.83223724365234,72.54450225830078,19.556795120239258,23.62066650390625,185.26307678222656,71.93782043457031,42.632999420166016,214.3800048828125,92.10901641845703,31.065759658813477,13.739999771118164,116.8291244506836,59.354496002197266,109.30816650390625,161.0840606689453,40.413333892822266,78.42848205566406,32.47693634033203,,26.231595993041992,45.49903869628906,173.8297119140625,86.33763122558594,17.058897018432617,36.600852966308594,48.7994499206543,136.47132873535156,43.522220611572266,72.80379486083984,205.55398559570312,43.96533966064453,68.85491943359375,163.09622192382812,27.030000686645508,222.35171508789062,69.44172668457031,26.31166648864746,18.27918815612793,71.23287200927734,,51.793373107910156,86.65747833251953,9.67176342010498,17.238750457763672,142.89910888671875,
2018-02-01,5.979394912719727,41.7706298828125,54.71086883544922,54.75375747680664,86.10149383544922,75.62249755859375,19.43300437927246,22.87066650390625,176.76773071289062,68.53146362304688,47.5964469909668,207.1999969482422,91.97364044189453,26.231035232543945,12.109999656677246,115.81726837158203,52.021541595458984,103.39283752441406,167.52743530273438,41.659488677978516,80.95145416259766,35.010047912597656,,26.313570022583008,44.68764877319336,170.74407958984375,77.85482025146484,17.08917999267578,33.23994064331055,52.49815368652344,129.63861083984375,39.82742691040039,64.05460357666016,196.33450317382812,43.55327606201172,62.618587493896484,147.97186279296875,29.13800048828125,218.84750366210938,67.05858612060547,28.895000457763672,18.939485549926758,69.93144226074219,,46.26472854614258,85.61445617675781,10.037774085998535,16.858749389648438,142.21485900878906,
2018-03-01,5.722183704376221,39.345802307128906,51.401214599609375,51.13862609863281,83.80596923828125,72.36699676513672,18.852909088134766,17.742000579833984,158.39901733398438,68.84288024902344,50.843658447265625,199.47999572753906,87.57006072998047,26.08254051208496,10.050000190734863,112.68961334228516,51.24541091918945,102.01564025878906,166.95556640625,44.0175666809082,66.14913940429688,33.53239440917969,,24.676170349121094,40.348548889160156,168.53485107421875,79.32954406738281,18.141326904296875,33.69630432128906,50.693214416503906,123.56031036376953,40.3609504699707,61.19464874267578,186.39324951171875,41.951717376708984,63.22466278076172,145.5253448486328,29.53499984741211,209.63348388671875,65.06539154052734,30.253332138061523,18.66415023803711,65.3018798828125,,41.51231384277344,82.09030151367188,9.656848907470703,15.956250190734863,131.93008422851562,
2018-04-01,5.556882858276367,38.75485610961914,50.48137283325195,50.42194747924805,85.8719482421875,78.30650329589844,18.354488372802734,19.593332290649414,170.5027313232422,72.13509368896484,44.83680725097656,193.72999572753906,87.06170654296875,25.933025360107422,10.880000114440918,119.52897644042969,53.402095794677734,100.69416046142578,170.161865234375,43.62877655029297,68.17595672607422,34.90531539916992,,24.618576049804688,40.444740295410156,176.3431396484375,87.0301513671875,16.525074005126953,33.52560043334961,45.27840042114258,121.6377944946289,43.62123489379883,63.87300491333008,205.90353393554688,40.325592041015625,58.22394943237305,150.88133239746094,31.246000289916992,198.37191772460938,53.67567443847656,32.084999084472656,18.29703140258789,62.35908126831055,,41.155887603759766,80.14651489257812,9.012824058532715,16.534374237060547,135.02561950683594,
2018-05-01,6.235024929046631,43.991554260253906,54.51659393310547,53.77538299560547,91.1502456665039,81.48100280761719,20.166574478149414,18.98200035095215,190.11056518554688,76.18934631347656,56.15814971923828,191.52999877929688,85.64511108398438,24.34995460510254,13.729999542236328,123.3443832397461,56.36474609375,95.93147277832031,181.47283935546875,46.9238166809082,69.86360168457031,33.66010284423828,,23.992124557495117,41.374610900878906,177.82614135742188,87.22069549560547,17.696638107299805,33.3626708984375,46.47523880004883,127.99943542480469,44.11027526855469,63.918418884277344,210.35440063476562,39.16940689086914,58.89199447631836,153.16285705566406,35.15999984741211,188.6741180419922,52.06540298461914,34.68166732788086,20.56344985961914,65.1483383178711,,43.085750579833984,88.95983123779297,10.098876953125,15.72249984741211,140.076171875,
2018-06-01,5.857003211975098,43.57722473144531,55.963260650634766,55.29498291015625,90.93814849853516,84.98999786376953,19.672456741333008,22.863332748413086,192.62843322753906,76.44914245605469,51.13619613647461,186.64999389648438,83.39613342285156,25.267425537109375,14.989999771118164,124.97675323486328,57.398536682128906,97.3108139038086,187.581787109375,42.25693130493164,65.42207336425781,33.91231155395508,,23.28987693786621,39.01894760131836,187.460205078125,88.71529388427734,15.518210411071777,34.3330078125,42.27434158325195,114.3155746459961,45.3248176574707,62.33317565917969,214.44615173339844,37.02892303466797,62.82777404785156,160.1826171875,39.143001556396484,184.23875427246094,53.59832000732422,34.244998931884766,21.562820434570312,65.2579345703125,,44.24288558959961,87.64024353027344,9.144556999206543,16.093124389648438,143.95199584960938,
2018-07-01,6.0538010597229,44.79668426513672,60.821678161621094,60.33108139038086,97.82698822021484,88.87200164794922,17.980384826660156,19.875999450683594,171.07766723632812,88.52616882324219,51.477500915527344,197.8699951171875,92.49980163574219,26.323558807373047,18.329999923706055,129.02479553222656,56.552093505859375,106.27685546875,189.2323455810547,40.888328552246094,65.79061889648438,33.588863372802734,,25.512287139892578,42.3903923034668,196.1881866455078,88.60304260253906,17.115367889404297,36.50131607055664,44.50751495361328,121.90885162353516,49.185264587402344,62.424766540527344,221.3339080810547,39.73099899291992,65.68830871582031,162.1695556640625,33.744998931884766,198.32162475585938,57.289268493652344,33.043331146240234,23.587038040161133,70.84788513183594,,45.719276428222656,88.98077392578125,10.472576141357422,15.983124732971191,153.27899169921875,
2018-08-01,6.943195819854736,53.77491760253906,61.048667907714844,60.377174377441406,103.98941802978516,100.635498046875,17.75823402404785,20.110666275024414,174.20025634765625,95.17738342285156,51.214195251464844,208.72000122070312,92.20207977294922,28.443710327148438,25.170000076293945,138.81039428710938,56.196102142333984,108.73696899414062,206.01480102539062,41.419219970703125,68.46562957763672,37.941368103027344,,25.553598403930664,43.1905517578125,209.64244079589844,83.91974639892578,15.539759635925293,34.888771057128906,39.55385208129883,117.71240234375,51.21630096435547,59.26459503173828,234.65484619140625,38.37152862548828,67.36949920654297,165.68284606933594,36.768001556396484,199.29690551757812,51.706390380859375,38.525001525878906,24.517568588256836,69.10641479492188,,47.01043701171875,89.84402465820312,10.432025909423828,18.686250686645508,156.8818359375,
2018-09-01,6.951605319976807,53.32842254638672,59.82353591918945,59.15196990966797,105.8779067993164,100.1500015258789,20.154253005981445,17.65133285522461,163.02835083007812,96.67282104492188,44.1054573059082,214.11000061035156,90.80189514160156,27.86510467529297,30.889999389648438,141.83432006835938,59.59575271606445,111.54643249511719,212.7526092529297,40.44425582885742,67.46694946289062,38.64030456542969,,24.45677375793457,45.83995056152344,211.21612548828125,86.62590789794922,13.713998794555664,36.464447021484375,35.535953521728516,129.27598571777344,53.33246612548828,52.200523376464844,233.32421875,36.5955924987793,67.59690856933594,170.9478759765625,37.41299819946289,187.92449951171875,54.896244049072266,37.543331146240234,24.75975799560547,73.36195373535156,,42.25151824951172,85.75948333740234,9.130377769470215,16.616249084472656,162.7548370361328,
2018-10-01,5.215311050415039,51.703102111816406,54.04972457885742,53.36796569824219,98.87926483154297,79.90049743652344,18.255884170532227,22.488000869750977,150.46864318847656,97.69083404541016,36.78217315673828,205.27999877929688,88.3423080444336,29.755220413208008,18.209999084472656,130.26766967773438,55.85261917114258,113.0157470703125,189.13571166992188,40.093597412109375,56.126976013183594,36.5826530456543,,22.82964515686035,43.59652328491211,205.59579467773438,79.09538269042969,12.812690734863281,37.798606872558594,30.230836868286133,103.50651550292969,55.33977127075195,46.698429107666016,229.2109375,36.1270866394043,72.65966033935547,145.14266967773438,30.17799949645996,188.87147521972656,59.292537689208984,30.50666618347168,23.04401397705078,65.17621612548828,,42.79011535644531,74.84027862548828,8.217430114746094,14.396875381469727,151.37005615234375,
2018-11-01,4.046820640563965,42.33462142944336,54.99484634399414,54.243255615234375,103.09980010986328,84.50849914550781,19.392940521240234,23.365333557128906,139.385986328125,107.41783905029297,37.60129928588867,218.24000549316406,90.1007308959961,28.974836349487305,21.299999237060547,134.15574645996094,56.29136276245117,119.34943389892578,192.38897705078125,42.43723678588867,67.96516418457031,38.27785110473633,,23.57679557800293,43.52511978149414,208.47314453125,85.08325958251953,14.189510345458984,40.102630615234375,34.469058990478516,115.74951934814453,59.647560119628906,34.67705535888672,247.54869079589844,35.12224197387695,77.4364242553711,149.69688415527344,28.613000869750977,160.45509338378906,58.2557373046875,28.825000762939453,26.891061782836914,64.29928588867188,,43.98719024658203,80.4998550415039,8.920068740844727,14.904999732971191,164.65028381347656,
2018-12-01,3.3057000637054443,37.394248962402344,51.78878402709961,51.32795715332031,94.4345474243164,75.09850311279297,20.989852905273438,22.18666648864746,129.94882202148438,104.77404022216797,30.941099166870117,204.17999267578125,79.10453033447266,27.79042625427246,18.459999084472656,124.90655517578125,48.28312683105469,104.84718322753906,180.50518798828125,40.388954162597656,66.46558380126953,34.6475715637207,,20.569679260253906,40.30268478393555,183.62188720703125,77.8224868774414,12.39472770690918,37.675785064697266,30.271373748779297,108.41224670410156,57.84748458862305,35.04884338378906,219.1830291748047,31.371864318847656,75.31432342529297,142.64041137695312,26.766000747680664,140.56332397460938,45.637840270996094,31.391666412353516,22.50079345703125,56.19329071044922,,37.34210968017578,76.18666076660156,8.099204063415527,13.168749809265137,153.91343688964844,
2019-01-01,3.5595085620880127,39.45668029785156,55.79970932006836,55.33066940307617,97.09359741210938,85.9365005493164,22.14302635192871,20.468000411987305,165.23898315429688,108.52244567871094,37.269752502441406,205.5399932861328,84.55036163330078,28.589975357055664,24.40999984741211,127.81291961669922,51.88719177246094,108.12138366699219,202.3638153076172,40.552467346191406,58.5960807800293,38.10685729980469,,23.766990661621094,45.01482009887695,193.4650421142578,82.01441192626953,15.435840606689453,38.29642868041992,36.133331298828125,114.33893585205078,56.348487854003906,47.040462493896484,237.7297821044922,33.706573486328125,79.66753387451172,152.3617401123047,33.95000076293945,166.61441040039062,52.44659423828125,35.8033332824707,22.37188148498535,62.30974197387695,,39.99477005004883,81.79044342041016,9.645008087158203,13.423749923706055,147.93618774414062,
2019-02-01,3.8236916065216064,41.223426818847656,55.83242416381836,55.50661087036133,104.60453033447266,81.99150085449219,22.729928970336914,21.325332641601562,160.0445556640625,114.96395111083984,39.86360168457031,201.3000030517578,85.25289916992188,29.532730102539062,23.530000686645508,140.46878051757812,56.57982635498047,111.74999237060547,215.43753051757812,45.867401123046875,57.829795837402344,41.71688461303711,,24.400169372558594,46.71754837036133,197.7023468017578,86.40094757080078,16.028406143188477,36.07646560668945,35.63045120239258,117.92815399169922,61.54196548461914,50.029563903808594,213.1121826171875,33.45158386230469,81.3852310180664,153.6982879638672,35.810001373291016,166.1805419921875,59.433082580566406,41.04499816894531,25.700719833374023,66.71466064453125,,40.796146392822266,85.93354797363281,10.525476455688477,17.828125,151.44639587402344,
2019-03-01,4.450811386108398,45.22316360473633,58.327301025390625,58.15278625488281,110.12283325195312,89.0374984741211,25.044208526611328,18.657333374023438,165.23898315429688,118.12274932861328,40.30241394042969,200.88999938964844,82.69599151611328,29.253721237182617,25.520000457763672,148.12191772460938,57.847023010253906,114.32615661621094,225.67405700683594,46.50830841064453,58.81504440307617,43.50578689575195,,23.149953842163086,48.133506774902344,218.85182189941406,89.00209045410156,16.394271850585938,37.61139678955078,36.85718536376953,116.339599609375,63.392520904541016,48.154449462890625,218.37684631347656,33.62688446044922,85.92727661132812,160.48818969726562,35.65599822998047,162.2013397216797,61.189453125,40.47999954223633,27.022132873535156,68.42404174804688,,39.51232147216797,86.16913604736328,10.882736206054688,19.653749465942383,151.36672973632812,
2019-04-01,4.486504554748535,47.775360107421875,59.421104431152344,58.9046516418457,121.9437255859375,96.32599639892578,26.51749610900879,15.912667274475098,191.71641540527344,106.54352569580078,41.01426696777344,216.7100067138672,95.52803802490234,30.84642791748047,27.6299991607666,155.93624877929688,57.47474670410156,115.47933959960938,244.02420043945312,44.20454406738281,58.70750045776367,45.370643615722656,,25.65877914428711,49.807373046875,221.91574096679688,86.74777221679688,18.997053146362305,39.377193450927734,40.95551300048828,120.43977355957031,59.993106842041016,49.022098541259766,205.844482421875,38.69017791748047,88.55482482910156,170.36553955078125,37.05400085449219,173.96995544433594,59.92257308959961,41.4716682434082,31.03700828552246,75.70759582519531,,39.58591842651367,95.72273254394531,11.618218421936035,19.518125534057617,142.87339782714844,
2019-05-01,3.361522912979126,41.841060638427734,54.83873748779297,54.6992301940918,115.90985870361328,88.75350189208984,20.957481384277344,12.343999862670898,175.9250946044922,106.1342544555664,31.799219131469727,197.4199981689453,87.22233581542969,30.588136672973633,27.40999984741211,153.2317352294922,51.24702453613281,107.9939193725586,241.38467407226562,38.37559127807617,56.72566223144531,42.191864013671875,,22.319271087646484,45.54949188232422,217.12278747558594,83.0701675415039,15.991299629211426,39.433372497558594,36.139610290527344,103.49944305419922,60.37421417236328,45.50331497192383,213.55467224121094,32.6280517578125,85.58580780029297,158.7820587158203,34.327999114990234,154.8702392578125,53.39450454711914,33.356666564941406,27.418092727661133,67.41895294189453,,36.633052825927734,85.29850769042969,9.458734512329102,15.286874771118164,133.96185302734375,
2019-06-01,4.075467586517334,47.3021125793457,53.664146423339844,53.57316207885742,125.54400634765625,94.68150329589844,24.203866958618164,14.897333145141602,191.31991577148438,101.41983795166016,37.630550384521484,213.1699981689453,92.02959442138672,33.31707000732422,30.3700008392334,164.83834838867188,55.49045944213867,114.68848419189453,253.9007110595703,41.712982177734375,53.775142669677734,44.38132095336914,,24.464527130126953,51.28367233276367,239.4893341064453,90.79713439941406,17.30251121520996,41.18914031982422,41.94960021972656,117.73587799072266,64.33769989013672,50.66150665283203,216.4608612060547,35.12987518310547,91.19119262695312,175.15684509277344,36.731998443603516,173.63388061523438,55.18442916870117,33.959999084472656,23.3894100189209,69.50078582763672,,39.068660736083984,93.84390258789062,10.847216606140137,16.22624969482422,148.08932495117188,
2019-07-01,4.186890602111816,50.915733337402344,60.3746452331543,60.30233383178711,127.7088851928711,93.33899688720703,24.382965087890625,16.107332229614258,192.5392303466797,99.73544311523438,43.77391052246094,205.42999267578125,96.16289520263672,33.28390121459961,30.450000762939453,169.06492614746094,53.84666442871094,107.22813415527344,261.64703369140625,44.04827117919922,50.015506744384766,45.208160400390625,,25.881786346435547,50.88569641113281,249.7935791015625,89.82666778564453,19.2156982421875,42.57236099243164,46.115596771240234,114.62008666992188,63.677825927734375,50.420257568359375,220.89634704589844,36.00993728637695,98.80451965332031,179.97434997558594,32.29899978637695,186.81346130371094,58.754249572753906,37.75666809082031,26.58473014831543,71.31568145751953,,39.968589782714844,102.83499908447266,12.510087013244629,17.090625762939453,149.93765258789062,
2019-08-01,4.160977840423584,50.077598571777344,59.00331115722656,58.88582229614258,129.62924194335938,88.81449890136719,23.76495361328125,15.040666580200195,184.0537109375,103.99520874023438,44.144447326660156,203.41000366210938,91.07288360595703,34.62347412109375,31.450000762939453,171.99122619628906,50.20533752441406,106.4885482788086,270.3919677734375,41.59107208251953,49.35485076904297,38.198429107666016,,23.207557678222656,47.053466796875,267.7213134765625,86.77687072753906,19.39071273803711,44.521793365478516,45.05706787109375,103.59070587158203,66.34799194335938,39.80547332763672,207.58102416992188,33.52899932861328,100.63764953613281,191.95069885253906,29.375,174.13436889648438,50.65894317626953,33.936668395996094,23.72551727294922,69.93566131591797,,38.88230895996094,101.79847717285156,13.648486137390137,14.163749694824219,168.8369140625,
2019-09-01,4.323928356170654,53.73133087158203,60.520347595214844,60.417320251464844,130.72935485839844,86.79550170898438,23.426136016845703,16.058000564575195,176.52978515625,102.94578552246094,41.78462600708008,208.02000427246094,97.56388854980469,35.96283721923828,28.989999771118164,163.61131286621094,51.76692581176758,107.33474731445312,260.97430419921875,45.20539855957031,56.8474235534668,40.32011795043945,,24.770130157470703,49.73784255981445,261.681396484375,87.4255599975586,21.395177841186523,44.358428955078125,46.82108688354492,109.95413208007812,65.02014923095703,43.181278228759766,193.69337463378906,34.48257827758789,104.1113510131836,196.6055908203125,26.761999130249023,176.96957397460938,54.23875045776367,33.9716682434082,23.877456665039062,73.307861328125,,42.11347579956055,106.31466674804688,14.714340209960938,14.932499885559082,156.6083221435547,
2019-10-01,4.993372440338135,59.67856216430664,62.38679885864258,62.45486068725586,134.81027221679688,88.83300018310547,24.850013732910156,20.994667053222656,189.98165893554688,104.8973388671875,46.367767333984375,212.5800018310547,104.38704681396484,35.53253936767578,33.93000030517578,170.1269073486328,49.538177490234375,109.54150390625,266.332763671875,49.59172439575195,60.59370040893555,39.06330490112305,,26.553375244140625,49.46943664550781,270.4420471191406,85.6122055053711,25.09172821044922,44.350276947021484,50.91206359863281,120.899169921875,66.93568420410156,48.20461654663086,225.22689819335938,37.49425506591797,104.88593292236328,198.77484130859375,28.740999221801758,182.2215118408203,58.17469787597656,37.89833450317383,24.351686477661133,77.09888458251953,,43.107025146484375,97.79192352294922,15.599325180053711,15.285625457763672,172.58401489257812,
2019-11-01,5.387832164764404,64.30687713623047,64.63140106201172,64.67774963378906,142.82638549804688,90.04000091552734,26.83224868774414,21.996000289916992,199.88470458984375,108.6485595703125,46.32876968383789,220.3000030517578,110.1027603149414,36.08708190917969,39.150001525878906,175.79498291015625,50.55110549926758,114.8531494140625,281.16912841796875,51.2054328918457,66.82441711425781,37.25444030761719,,28.294164657592773,50.967403411865234,272.8997802734375,87.19271850585938,24.701974868774414,43.83603286743164,54.51533126831055,126.97924041748047,67.33731842041016,54.43547439575195,249.44297790527344,40.28699493408203,102.82206726074219,186.85238647460938,31.465999603271484,190.09353637695312,59.239036560058594,37.869998931884766,22.325838088989258,80.0516357421875,,45.9050178527832,99.63189697265625,15.194437980651855,12.195625305175781,191.2219696044922,
2019-12-01,5.849206447601318,70.65935516357422,66.38088989257812,66.26675415039062,148.78927612304688,92.39199829101562,27.087753295898438,27.8886661529541,203.46327209472656,121.68452453613281,52.44287109375,226.5,116.48699188232422,36.172855377197266,45.86000061035156,179.02487182617188,51.7753791809082,121.85340118408203,287.2884521484375,52.79319763183594,67.44139862060547,39.43330001831055,,30.07086944580078,48.09855270385742,267.5384216308594,89.70883178710938,27.185791015625,45.436790466308594,57.47176742553711,129.56739807128906,70.73094940185547,53.95302963256836,263.0263977050781,41.62228775024414,105.21446228027344,186.23106384277344,32.356998443603516,197.46192932128906,61.62078857421875,38.54166793823242,23.661056518554688,80.81793212890625,,45.34868621826172,106.32872009277344,16.52137565612793,12.712499618530273,196.3952178955078,
2020-01-01,5.877294540405273,74.4756851196289,71.00934600830078,71.08476257324219,160.61122131347656,100.43599700927734,26.15688705444336,43.371334075927734,200.15234375,129.28578186035156,51.77003860473633,224.42999267578125,111.31419372558594,34.84878921508789,47.0,189.57200622558594,46.09181213378906,124.3594741821289,304.3872985839844,56.392127990722656,62.547157287597656,38.074954986572266,,28.0302734375,47.8293342590332,278.0971374511719,79.7560806274414,27.725971221923828,47.94053649902344,54.60005187988281,116.04859924316406,66.44588470458984,60.18952941894531,243.7632598876953,42.82973861694336,105.6022720336914,194.5200958251953,34.50899887084961,204.1776885986328,59.889991760253906,39.130001068115234,22.45475196838379,81.05536651611328,,39.566307067871094,100.71891784667969,15.368768692016602,13.958749771118164,176.0118865966797,
2020-02-01,6.7175517082214355,65.9332046508789,66.37394714355469,66.3812484741211,153.2731475830078,94.1875,23.367708206176758,44.53266525268555,190.79452514648438,117.3828125,51.253204345703125,206.33999633789062,97.64802551269531,32.775943756103516,45.47999954223633,173.42567443847656,38.71540451049805,113.05503845214844,279.6366882324219,49.21492004394531,66.1678237915039,33.072296142578125,,24.33331871032715,45.102745056152344,256.44500732421875,70.29532623291016,27.28155517578125,43.909912109375,54.894901275634766,109.76686096191406,59.539974212646484,52.59937286376953,228.11480712890625,36.90438461303711,95.95046997070312,185.7705535888672,36.90299987792969,173.47378540039062,59.2889404296875,30.770000457763672,18.628650665283203,70.80821990966797,,34.80035400390625,95.28437042236328,14.323633193969727,12.069999694824219,163.87132263183594,
2020-03-01,6.556620121002197,61.3336067199707,57.58686447143555,57.63237380981445,149.2051239013672,97.48600006103516,20.668548583984375,34.93333435058594,165.3479766845703,129.0996856689453,41.01426696777344,182.8300018310547,75.71484375,34.73699951171875,45.47999954223633,153.73214721679688,28.57745933532715,110.2387466430664,232.72706604003906,47.97391128540039,58.81842041015625,32.558780670166016,,18.241844177246094,44.072296142578125,260.08453369140625,54.570377349853516,22.447776794433594,36.64337158203125,43.277435302734375,102.52210998535156,60.329811096191406,38.42405700683594,224.08885192871094,27.86473846435547,93.21338653564453,160.28868103027344,37.54999923706055,133.57229614257812,53.78370666503906,27.32666778564453,18.209671020507812,51.14740753173828,,24.44969940185547,83.42181396484375,13.394567489624023,12.659375190734863,166.3327178955078,
2020-04-01,7.26999044418335,70.86321258544922,66.74317169189453,66.84365844726562,169.545654296875,123.69999694824219,23.677732467651367,52.12533187866211,202.927978515625,143.9156036376953,46.699317932128906,187.36000061035156,81.37061309814453,37.161434173583984,52.38999938964844,170.52508544921875,34.974830627441406,126.13607788085938,265.3250427246094,53.168418884277344,64.404541015625,35.434322357177734,,20.664928436279297,48.532989501953125,277.016357421875,69.28616333007812,23.876956939697266,38.00145721435547,46.92323303222656,103.76649475097656,62.211692810058594,32.90723419189453,262.808837890625,32.599220275878906,100.54849243164062,188.72183227539062,41.98500061035156,158.48269653320312,54.99266052246094,32.75166702270508,19.6553897857666,55.83926773071289,,24.74786949157715,96.89551544189453,15.290901184082031,13.706250190734863,196.27145385742188,
2020-05-01,8.83054256439209,76.89329528808594,71.0460205078125,70.82157135009766,173.85064697265625,122.11849975585938,25.39067268371582,55.66666793823242,223.13055419921875,143.01292419433594,46.71883010864258,185.5800018310547,82.68770599365234,38.09565734863281,53.79999923706055,186.59950256347656,34.885746002197266,125.91851043701172,290.3358154296875,56.098514556884766,72.60787963867188,39.98276138305664,,20.725072860717773,49.26597595214844,282.0171813964844,70.07408905029297,25.597013473510742,38.6556510925293,53.273834228515625,107.11006927490234,63.29378128051758,31.79421043395996,273.93328857421875,36.542869567871094,98.88504028320312,213.3175506591797,41.972999572753906,170.83694458007812,54.078575134277344,39.211666107177734,22.855321884155273,56.08181381225586,,23.008134841918945,99.89905548095703,16.476255416870117,14.5912504196167,189.73629760742188,
2020-06-01,9.453958511352539,88.22631072998047,70.2793197631836,70.06278228759766,193.07147216796875,137.9409942626953,27.7958927154541,71.98733520507812,225.09332275390625,153.5133056640625,50.23905944824219,178.50999450683594,79.9260482788086,36.78137969970703,52.61000061035156,184.62110900878906,34.310325622558594,119.04481506347656,285.327880859375,53.335044860839844,76.92501831054688,38.996150970458984,,20.549470901489258,50.64033508300781,277.2083740234375,68.18658447265625,30.37396812438965,37.335594177246094,57.32296371459961,112.7896728515625,61.11760330200195,33.10197448730469,266.17877197265625,39.93260192871094,101.99867248535156,216.34442138671875,45.50400161743164,171.8194122314453,52.46882629394531,38.2783317565918,25.29555320739746,53.56108474731445,,22.25191879272461,106.82315063476562,18.21040153503418,13.126874923706055,194.82452392578125,
2020-07-01,10.565804481506348,102.79523468017578,73.74360656738281,73.49996185302734,194.49453735351562,158.23399353027344,27.896286010742188,95.38400268554688,251.46176147460938,140.5257110595703,48.81536865234375,195.77999877929688,82.91859436035156,39.735435485839844,77.43000030517578,181.9737091064453,32.284847259521484,123.38740539550781,298.1053771972656,42.548580169677734,75.27056884765625,39.690982818603516,,21.527196884155273,51.02004623413086,298.25439453125,64.1441421508789,35.41657257080078,39.474788665771484,61.002262115478516,119.36551666259766,63.41752624511719,29.418598175048828,273.2449951171875,40.69365310668945,112.55717468261719,229.2813720703125,48.88800048828125,172.1150665283203,57.52399444580078,42.6533317565918,27.547014236450195,49.267154693603516,,21.0871639251709,108.04985809326172,18.71135711669922,16.235624313354492,202.1017608642578,
2020-08-01,13.31282901763916,125.05752563476562,80.7603759765625,80.99488830566406,214.47923278808594,172.54800415039062,30.573623657226562,166.10667419433594,290.64764404296875,139.4254913330078,44.37849044799805,218.0399932861328,85.96456146240234,42.81256866455078,90.81999969482422,202.91455078125,31.24750518798828,130.72755432128906,346.087646484375,45.72748565673828,75.95260620117188,35.57863235473633,,22.271303176879883,52.64863967895508,318.53021240234375,65.0611343383789,31.58344268798828,41.38835906982422,58.607566833496094,127.83645629882812,67.39298248291016,30.72716522216797,282.06195068359375,43.50757598876953,118.7464370727539,246.1651153564453,52.95600128173828,179.20132446289062,59.75575256347656,42.901668548583984,30.424650192260742,53.416839599609375,,21.077938079833984,120.41779327392578,19.291259765625,13.965624809265137,210.64846801757812,
2020-09-01,13.472142219543457,112.23583984375,72.63592529296875,72.83780670166016,200.0240478515625,157.43649291992188,32.37832260131836,143.00332641601562,259.6201477050781,139.07786560058594,45.792449951171875,212.94000244140625,82.60110473632812,43.1394157409668,81.98999786376953,191.40911865234375,26.85845947265625,126.86735534667969,326.7440490722656,46.472408294677734,69.46524047851562,33.19379425048828,9.5,20.988849639892578,54.930519104003906,325.2551574707031,55.81321334838867,31.273204803466797,41.58860778808594,56.56201171875,133.98077392578125,66.03619384765625,30.243955612182617,282.5174560546875,40.25242614746094,119.31301879882812,241.09954833984375,50.00299835205078,175.7899627685547,57.04995346069336,40.79166793823242,31.165922164916992,50.386966705322266,,20.51935386657715,120.95992279052734,18.21921157836914,12.933124542236328,211.34698486328125,
2020-10-01,12.479938507080078,105.5003433227539,80.09526062011719,80.3421401977539,192.54916381835938,151.8074951171875,31.07277488708496,129.34666442871094,260.8195495605469,122.57872772216797,49.088401794433594,201.89999389648438,84.90037536621094,42.781742095947266,75.29000091552734,173.9308624267578,25.520620346069336,116.83758544921875,279.2122802734375,39.74117660522461,68.40959167480469,30.531829833984375,10.130000114440918,20.649057388305664,51.83636474609375,328.28521728515625,53.8752555847168,32.246986389160156,40.485084533691406,56.352699279785156,141.93902587890625,59.87440872192383,36.02089309692383,276.509521484375,40.38303756713867,118.34404754638672,231.54965209960938,47.57400131225586,165.3546600341797,54.02968978881836,36.8650016784668,27.744997024536133,47.5672607421875,,18.721399307250977,123.36466217041016,18.54270362854004,13.056249618530273,180.3966522216797,
2020-11-01,13.343694686889648,115.57492065429688,86.9489974975586,87.26759338378906,204.1137237548828,158.40199279785156,35.68973922729492,189.1999969482422,274.5589294433594,137.55418395996094,62.49654006958008,228.91000366210938,102.08136749267578,47.11078643798828,92.66000366210938,201.6481170654297,30.551158905029297,124.14500427246094,325.5187072753906,43.709625244140625,84.06905364990234,36.587158203125,27.110000610351562,24.534914016723633,53.32374572753906,359.6340026855469,68.57489776611328,42.67106628417969,43.807945251464844,78.70610046386719,156.88755798339844,63.9981689453125,49.41949462890625,304.7821044921875,51.856353759765625,119.87191009521484,240.83914184570312,49.06999969482422,201.69007873535156,57.62813949584961,48.98666763305664,31.78288459777832,63.26051330566406,,23.980478286743164,137.5790252685547,23.78690528869629,16.918750762939453,185.89178466796875,
2020-12-01,13.002532958984375,128.8167266845703,86.86178588867188,86.82845306396484,212.07542419433594,162.84649658203125,39.2447395324707,235.22332763671875,270.7820739746094,159.4552459716797,73.31080627441406,231.8699951171875,110.0396957397461,44.60922622680664,91.70999908447266,209.681396484375,33.026973724365234,135.04244995117188,345.2813415527344,45.03853988647461,86.1349868774414,38.058475494384766,23.549999237060547,26.57272720336914,59.762874603271484,354.9333801269531,66.42749786376953,44.633724212646484,46.55868148803711,82.35130310058594,164.50648498535156,65.63494873046875,52.47756576538086,318.91986083984375,57.47559356689453,120.10498809814453,231.8607635498047,54.073001861572266,231.92642211914062,63.89486312866211,59.231666564941406,33.744285583496094,63.07527542114258,,26.461814880371094,140.03627014160156,24.442066192626953,18.160625457763672,192.48887634277344,
2021-01-01,12.937542915344238,128.10804748535156,90.56492614746094,90.98482513427734,221.1717071533203,160.30999755859375,40.378562927246094,264.510009765625,256.0812072753906,196.4102325439453,76.32398223876953,227.8699951171875,112.22772216796875,43.47658920288086,85.63999938964844,185.2555389404297,35.927459716796875,139.97634887695312,306.34698486328125,50.18244934082031,83.34442138671875,38.22138214111328,35.18000030517578,25.994110107421875,56.04095458984375,331.9952087402344,67.01744079589844,45.73758316040039,40.87892532348633,92.25634002685547,166.1267547607422,61.83967590332031,51.89448928833008,303.36865234375,56.52345657348633,111.33776092529297,236.39987182617188,53.23899841308594,238.4873046875,61.47149658203125,58.45833206176758,33.560115814208984,58.859092712402344,,26.198780059814453,142.2245330810547,26.439653396606445,19.22249984741211,202.1250762939453,
2021-02-01,13.659381866455078,117.89630889892578,100.20693969726562,100.95292663574219,222.0824737548828,154.64649963378906,42.114715576171875,225.1666717529297,255.37734985351562,194.30950927734375,89.25430297851562,240.50999450683594,128.36367797851562,40.20555877685547,84.51000213623047,203.91981506347656,44.30303955078125,136.8170623779297,342.72625732421875,55.28017807006836,87.62226867675781,38.47001647949219,23.899999618530273,30.430212020874023,59.82463836669922,312.4235534667969,79.77082824707031,53.60451889038086,41.59208297729492,112.99620056152344,196.1466064453125,58.26905822753906,60.93228530883789,302.1318054199219,64.80176544189453,107.27366638183594,225.5060272216797,53.8849983215332,280.9747619628906,64.84415435791016,59.71833419799805,37.32636642456055,63.889373779296875,,31.81420135498047,147.8726043701172,29.4615478515625,17.489999771118164,189.7030792236328,
2021-03-01,13.299188613891602,118.76164245605469,102.21959686279297,102.52754211425781,225.32223510742188,154.70399475097656,41.88296127319336,222.64332580566406,291.96612548828125,177.1726837158203,86.016845703125,255.47000122070312,132.7770538330078,42.20999526977539,78.5,203.28611755371094,45.49272537231445,141.90257263183594,344.8570556640625,58.20880889892578,88.01264190673828,44.33440017700195,23.290000915527344,34.08794403076172,65.07354736328125,332.69805908203125,83.59185028076172,56.392066955566406,45.12281036376953,127.72900390625,210.6750030517578,62.39918899536133,63.84614562988281,339.5748596191406,65.46775817871094,117.60763549804688,268.1236877441406,52.16600036621094,288.7180480957031,69.4065933227539,53.676666259765625,40.58615493774414,68.57525634765625,,34.36498260498047,162.22470092773438,31.276208877563477,18.868125915527344,209.85243225097656,
2021-04-01,14.954334259033203,127.81336212158203,116.6407241821289,119.45282745361328,241.0050811767578,173.37100219726562,41.20908737182617,236.47999572753906,322.2501525878906,173.33180236816406,83.93003845214844,274.95001220703125,134.94529724121094,43.47787094116211,81.62000274658203,224.24554443359375,46.64165115356445,140.5038299560547,370.48870849609375,52.32426452636719,91.78270721435547,43.961421966552734,23.040000915527344,35.709075927734375,70.58944702148438,351.9597473144531,82.21983337402344,58.780418395996094,46.209991455078125,126.87812042236328,208.19557189941406,60.30274963378906,63.79751968383789,363.9703369140625,69.88571166992188,116.60343170166016,284.3033142089844,51.34700012207031,307.6568908691406,74.3027572631836,58.89833450317383,45.273231506347656,73.87348937988281,,39.624839782714844,155.80088806152344,29.851547241210938,19.6981258392334,202.1182403564453,
2021-05-01,16.184795379638672,121.3591537475586,116.8067398071289,119.52418518066406,239.1668701171875,161.15350341796875,42.6661262512207,208.4066619873047,325.86834716796875,190.26251220703125,82.04805755615234,289.44000244140625,144.0960693359375,44.31000900268555,80.08000183105469,218.55223083496094,48.255313873291016,147.0450439453125,349.6593322753906,52.271339416503906,93.18209838867188,45.679813385009766,22.950000762939453,37.347835540771484,73.3370361328125,357.8054504394531,83.8076171875,61.56572723388672,47.331443786621094,132.2908172607422,220.0332489013672,61.4278564453125,68.3683853149414,375.94451904296875,76.99701690673828,117.85317993164062,280.1222839355469,50.28099822998047,329.5768127441406,75.42122650146484,60.54166793823242,45.41596984863281,79.20201110839844,,41.1833610534668,163.8364715576172,30.08858299255371,21.21125030517578,202.0955047607422,
2021-06-01,19.933551788330078,133.38697814941406,121.01641082763672,124.22078704833984,259.4933166503906,172.00799560546875,43.410701751708984,226.56666564941406,344.68316650390625,218.62948608398438,82.8671646118164,277.9200134277344,136.46311950683594,43.99490737915039,93.93000030517578,224.82127380371094,52.14913558959961,143.12669372558594,354.03271484375,51.37452697753906,92.72111511230469,45.766170501708984,26.360000610351562,36.47873306274414,72.4988021850586,374.2640380859375,84.57472229003906,61.76974868774414,46.670310974121094,136.3803253173828,198.6304931640625,66.53821563720703,65.50061798095703,366.8055725097656,77.62349700927734,117.92310333251953,281.573486328125,52.82099914550781,336.2300720214844,78.4583740234375,61.84166717529297,45.890201568603516,76.16642761230469,,39.92283248901367,165.97698974609375,30.783613204956055,22.64437484741211,207.0302734375,
2021-07-01,19.431787490844727,142.05477905273438,133.5423583984375,134.03921508789062,272.91339111328125,166.37950134277344,44.18999099731445,229.06666564941406,353.1983642578125,231.94618225097656,75.65115356445312,278.2900085449219,133.93162536621094,44.472232818603516,106.19000244140625,236.90748596191406,47.59394073486328,149.6079864501953,374.69207763671875,49.15995788574219,96.80116271972656,48.14603805541992,21.709999084472656,33.9394645690918,81.46005249023438,407.23388671875,82.20883178710938,60.50815963745117,49.1888427734375,134.01473999023438,189.7129669189453,65.7682113647461,63.01881408691406,377.5961608886719,81.85176849365234,125.08479309082031,289.78521728515625,51.75699996948242,332.110595703125,79.2341537475586,66.50833129882812,44.485923767089844,77.63066864013672,,40.49580001831055,165.4445343017578,33.05766677856445,23.774375915527344,205.15316772460938,
2021-08-01,22.31177520751953,148.09059143066406,143.42572021484375,144.19070434570312,289.7225036621094,173.5395050048828,45.26514434814453,245.24000549316406,376.07745361328125,246.82882690429688,71.86760711669922,285.7699890136719,141.14089965820312,46.37373733520508,110.72000122070312,220.58323669433594,45.754669189453125,151.30979919433594,336.1394348144531,49.792564392089844,100.5300521850586,51.319847106933594,26.34000015258789,36.938804626464844,83.32032775878906,431.6553649902344,79.19264221191406,57.41444778442383,48.56783676147461,129.65438842773438,193.49346923828125,65.2719955444336,64.11982727050781,381.3059997558594,89.05790710449219,125.22554016113281,288.01043701171875,56.91899871826172,368.1134033203125,81.53780364990234,76.83999633789062,44.872676849365234,76.12959289550781,,40.45957946777344,165.69625854492188,32.382572174072266,23.095624923706055,193.03421020507812,
2021-09-01,20.64822769165039,138.01499938964844,132.50106811523438,132.10079956054688,270.5662841796875,164.2519989013672,44.47072982788086,258.49334716796875,336.4355773925781,220.79754638671875,69.31198120117188,272.94000244140625,144.4411163330078,43.64328384399414,102.9000015258789,214.46929931640625,49.36333465576172,141.14556884765625,337.5470886230469,49.07413864135742,89.78453826904297,47.32867431640625,24.040000915527344,37.7505989074707,81.45067596435547,425.836669921875,83.02257537841797,54.16099548339844,45.597354888916016,123.51371765136719,176.15089416503906,64.83831024169922,62.720821380615234,359.1766662597656,82.9859848022461,122.94774627685547,291.3207092285156,61.034000396728516,336.5285339355469,75.96484375,79.83333587646484,47.902252197265625,77.2073974609375,,41.08816909790039,166.82456970214844,31.86344337463379,21.477500915527344,182.01004028320312,
2021-10-01,25.48336410522461,146.11061096191406,146.74478149414062,146.97462463378906,318.2647705078125,168.6215057373047,48.757049560546875,371.3333435058594,320.7533264160156,243.45545959472656,67.47615814208984,287.010009765625,150.81532287597656,46.78704833984375,120.2300033569336,203.8974609375,54.10498046875,142.35166931152344,326.153076171875,45.13199996948242,96.6015625,48.99653244018555,25.8799991607666,42.49055480957031,89.99842071533203,466.57257080078125,93.6939926147461,53.630001068115234,48.98652267456055,131.11280822753906,188.23240661621094,76.00870513916016,63.840919494628906,423.2740173339844,88.25724792480469,126.53276062011719,329.9078063964844,69.03099822998047,367.970947265625,75.76448822021484,84.84833526611328,50.641746520996094,79.8121337890625,,45.29349136352539,163.72145080566406,35.506900787353516,25.60562515258789,177.14845275878906,
2021-11-01,32.56911087036133,161.46414184570312,140.65032958984375,141.20701599121094,317.856689453125,175.35350036621094,50.77548599243164,381.586669921875,321.6355285644531,237.8032989501953,82.02603149414062,276.69000244140625,140.9971466064453,44.03469467163086,158.3699951171875,186.89508056640625,50.89426803588867,137.17018127441406,306.1282043457031,45.63134765625,97.115478515625,48.00732421875,20.649999618530273,39.54698181152344,85.12044525146484,511.982666015625,93.43582916259766,64.6953353881836,45.933441162109375,141.45372009277344,178.3968048095703,64.6656723022461,57.82636642456055,408.3367004394531,81.42198944091797,127.93972778320312,355.5290832519531,64.19000244140625,339.1635437011719,68.87245178222656,91.15666961669922,51.298004150390625,73.10694885253906,,42.464393615722656,167.99176025390625,38.975181579589844,31.014999389648438,171.65328979492188,
2021-12-01,29.318374633789062,173.44944763183594,143.578857421875,143.4150390625,323.3660583496094,166.7169952392578,61.41209030151367,352.260009765625,333.4220275878906,264.82025146484375,91.05797576904297,299.0,140.57102966308594,45.48838424682617,143.89999389648438,209.02113342285156,52.04244613647461,150.4887237548828,349.2886962890625,47.764522552490234,114.06517791748047,55.47454833984375,18.209999084472656,39.75520324707031,81.80907440185547,538.8642578125,97.14445495605469,68.58538055419922,51.85355758666992,151.22735595703125,190.75128173828125,66.78675079345703,57.56016540527344,463.0834655761719,84.29004669189453,144.7530059814453,369.8319091796875,60.24399948120117,342.3495178222656,77.16991424560547,92.7933349609375,51.02546691894531,77.75065612792969,,42.64214324951172,164.58595275878906,41.0742073059082,35.9375,194.1715087890625,
2022-01-01,24.408893585205078,170.72415161132812,134.11428833007812,134.51254272460938,299.0020751953125,149.57350158691406,54.07209777832031,312.239990234375,310.5330505371094,235.26263427734375,80.42233276367188,313.0199890136719,132.7064666748047,43.95418930053711,114.25,218.14549255371094,64.60441589355469,151.5619354248047,376.086181640625,45.278907775878906,116.51705169677734,49.02109146118164,13.710000038146973,41.2296028137207,76.41657257080078,479.4722595214844,108.71733856201172,56.26069259643555,53.42991638183594,132.7947998046875,186.874267578125,71.00448608398438,57.56624984741211,435.8133544921875,88.66475677490234,142.7498321533203,327.0304260253906,42.7140007019043,317.408203125,83.54660034179688,86.23332977294922,51.60686111450195,81.4819107055664,,47.81465530395508,157.78195190429688,37.174102783203125,31.077499389648438,196.04443359375,
2022-02-01,24.308204650878906,161.49380493164062,133.8699493408203,133.71212768554688,287.8755187988281,153.56300354003906,54.216087341308594,290.1433410644531,209.19296264648438,240.6348114013672,86.86434936523438,321.45001220703125,126.63375091552734,42.49230194091797,123.33999633789062,208.7911834716797,67.43605041503906,145.70004272460938,351.20709228515625,44.57715606689453,125.77780151367188,49.1091423034668,11.850000381469727,39.496070861816406,71.52991485595703,493.6220703125,120.45734405517578,53.53597640991211,54.50710678100586,129.20248413085938,173.91285705566406,66.73445129394531,58.193824768066406,438.8566589355469,78.46147918701172,138.69287109375,281.4486389160156,39.45199966430664,305.4253234863281,82.10066986083984,99.04166412353516,46.292640686035156,93.29988861083984,,47.645469665527344,149.43092346191406,33.37060546875,30.6825008392334,197.15084838867188,
2022-03-01,27.2047061920166,170.77540588378906,137.84523010253906,138.42901611328125,297.04779052734375,162.99749755859375,58.507476806640625,359.20001220703125,220.42433166503906,275.6975402832031,76.14070129394531,352.9100036621094,121.73988342285156,46.99932098388672,109.33999633789062,214.24961853027344,71.02198028564453,156.90841674804688,347.858642578125,46.31538391113281,137.98361206054688,49.100337982177734,13.729999542236328,37.01329803466797,77.89482879638672,547.428466796875,136.2088165283203,51.43640899658203,54.712554931640625,126.891845703125,206.5852813720703,72.13721466064453,55.800636291503906,471.69610595703125,75.57344055175781,135.94374084472656,268.3546142578125,37.45899963378906,297.1525573730469,77.34117126464844,103.75166320800781,45.593170166015625,90.00212860107422,,43.26211929321289,161.28939819335938,35.05207443237305,34.744998931884766,210.5043487548828,
2022-04-01,18.491744995117188,154.1878662109375,113.10655975341797,113.96174621582031,267.3824768066406,124.28150177001953,51.51181411743164,290.2533264160156,198.72488403320312,281.2428283691406,66.74964904785156,322.8299865722656,107.38395690917969,48.283817291259766,85.5199966430664,205.90260314941406,73.30941009521484,159.76806640625,354.18975830078125,40.736228942871094,126.08280181884766,43.42546463012695,10.399999618530273,32.03868103027344,69.38047790527344,506.299072265625,131.055908203125,44.56208419799805,57.01578140258789,106.24063110351562,196.1360626220703,77.97501373291016,45.463802337646484,470.3826904296875,70.28337860107422,143.64019775390625,269.3138427734375,19.035999298095703,274.9989013671875,82.33039093017578,93.54666900634766,43.00355911254883,86.22290802001953,,38.95018768310547,149.65948486328125,30.570730209350586,28.892499923706055,202.99191284179688,
2022-05-01,18.616371154785156,145.78521728515625,112.7621078491211,113.0423355102539,262.5490417480469,120.20950317382812,53.90346908569336,252.75332641601562,191.95436096191406,302.7755126953125,72.2802963256836,315.9800109863281,118.96260070800781,40.74333953857422,101.86000061035156,205.36663818359375,83.39932250976562,159.96604919433594,348.8191223144531,41.840023040771484,126.50345611572266,39.94113540649414,8.680000305175781,33.403564453125,67.98152923583984,443.9305114746094,147.3066864013672,49.75440979003906,55.93034744262695,113.19829559326172,201.08279418945312,80.9114990234375,47.74460983276367,459.49603271484375,75.12358856201172,132.30467224121094,271.420654296875,19.743999481201172,296.02886962890625,87.47604370117188,83.79666900634766,45.68385314941406,86.92994689941406,,41.08403396606445,156.4386749267578,35.05282211303711,25.56999969482422,225.2877960205078,
2022-06-01,15.117033958435059,133.91397094726562,108.00528717041016,108.4166259765625,248.024658203125,106.20999908447266,45.51384735107422,224.47332763671875,159.8462677001953,313.1984558105469,54.112335205078125,273.0199890136719,101.31120300292969,38.51026153564453,76.47000122070312,190.57659912109375,74.39913940429688,158.16619873046875,307.50115966796875,35.2371826171875,131.47364807128906,37.8044319152832,9.069999694824219,28.114030838012695,66.04378509521484,456.3661193847656,122.10614776611328,40.90961456298828,55.91667938232422,87.80613708496094,166.53028869628906,80.81137084960938,38.875064849853516,476.7756652832031,66.33271789550781,128.6453857421875,247.44076538085938,17.48699951171875,269.0116882324219,82.31307220458984,82.32333374023438,42.27173614501953,87.83470916748047,,35.15974426269531,135.9855194091797,30.655487060546875,23.434999465942383,213.4942626953125,
2022-07-01,18.112714767456055,159.1746826171875,115.2976303100586,115.62062072753906,271.11492919921875,134.9499969482422,50.16726303100586,297.1499938964844,157.71502685546875,318.47265625,60.67190170288086,300.6000061035156,104.70333099365234,41.826622009277344,94.47000122070312,205.30853271484375,84.2072525024414,155.50201416015625,345.370849609375,34.20106887817383,124.3422622680664,40.58689498901367,10.350000381469727,30.534385681152344,73.90638732910156,516.3107299804688,138.1305694580078,48.04802322387695,57.03662109375,102.28286743164062,185.97323608398438,79.18931579589844,45.12731170654297,503.42572021484375,74.21601867675781,125.08619689941406,271.5019226074219,22.489999771118164,301.9521179199219,80.98758697509766,83.18333435058594,41.53928756713867,85.18439483642578,,39.37855529785156,159.3665771484375,36.84846496582031,29.157499313354492,217.1534423828125,
2022-08-01,15.052210807800293,154.20713806152344,107.26881408691406,108.1960678100586,253.04153442382812,126.7699966430664,46.75988006591797,275.6099853515625,161.5116729736328,291.93084716796875,55.444271087646484,280.79998779296875,103.22393035888672,42.1678466796875,84.87000274658203,192.6789093017578,83.84999084472656,144.72421264648438,316.6509704589844,30.36957359313965,116.50103759765625,40.00542068481445,7.71999979019165,30.353761672973633,70.40286254882812,497.9969787597656,134.5176239013672,42.03853225708008,54.8500862121582,91.02051544189453,173.27169799804688,75.6615219116211,44.840335845947266,482.0667724609375,75.02596282958984,124.21272277832031,261.90435791015625,22.356000900268555,303.5747985839844,79.60375213623047,92.80166625976562,35.298255920410156,82.5,,39.50495529174805,147.1795654296875,33.17786407470703,29.969999313354492,212.49021911621094,
2022-09-01,12.108987808227539,135.5516357421875,94.8093032836914,95.30968475341797,225.3924560546875,113.0,41.946556091308594,265.25,134.49888610839844,313.36798095703125,49.13777160644531,267.0199890136719,94.84654998779297,41.26118850708008,63.36000061035156,172.2581024169922,76.5869140625,146.53614807128906,277.5735168457031,24.518293380737305,116.28443908691406,35.783016204833984,8.130000114440918,27.453834533691406,57.983856201171875,450.4674377441406,122.27098083496094,35.2713508605957,50.155635833740234,79.27404022216797,153.9192352294922,76.9505615234375,37.84736251831055,470.2730712890625,69.55880737304688,113.6860580444336,250.5717315673828,23.54400062561035,267.419921875,70.18858337402344,81.8949966430664,31.500160217285156,75.24735260009766,,36.35071563720703,137.8878631591797,29.17681884765625,28.22249984741211,199.31455993652344,
2022-10-01,13.463632583618164,150.40150451660156,93.6793212890625,93.83271789550781,224.64730834960938,102.44000244140625,44.41322326660156,227.5399932861328,92.34903717041016,350.9121398925781,53.17290115356445,295.0899963378906,115.27372741699219,45.27913284301758,60.060001373291016,200.87242126464844,97.20075225830078,156.05352783203125,320.88714599609375,27.049091339111328,128.1370086669922,41.018062591552734,8.789999961853027,32.762794494628906,74.50582122802734,479.2115783691406,153.95571899414062,39.008567810058594,53.58469772338867,85.42789459228516,204.41424560546875,90.4249496459961,47.56748962402344,516.933349609375,73.0423355102539,122.1287841796875,268.9055480957031,29.187999725341797,314.3792419433594,77.66317749023438,85.79499816894531,35.7418327331543,87.16043090820312,,41.565616607666016,144.24038696289062,30.50921630859375,30.21500015258789,239.0625762939453,
2022-11-01,16.885480880737305,145.43411254882812,100.10236358642578,100.56334686279297,247.61141967773438,96.54000091552734,52.05695724487305,194.6999969482422,117.0719223022461,360.62774658203125,56.66206359863281,318.6000061035156,126.5373764038086,48.48904800415039,77.62999725341797,210.8840789794922,98.4518814086914,160.6990509033203,348.48004150390625,28.995832443237305,141.07322692871094,44.89143753051758,7.5,34.408203125,79.2393569946289,515.2838745117188,157.21351623535156,45.523162841796875,57.35499572753906,106.30529022216797,223.25405883789062,98.39520263671875,52.555938720703125,510.0522766113281,82.73155212402344,135.26939392089844,295.9841613769531,30.55299949645996,354.6883850097656,84.27534484863281,84.94999694824219,41.68950271606445,91.27747344970703,,43.61616897583008,162.0470428466797,38.03396224975586,34.82500076293945,254.9993896484375,
2022-12-01,14.5816011428833,127.6514892578125,87.45452117919922,87.95453643798828,232.74349975585938,84.0,53.26292037963867,123.18000030517578,119.29241943359375,355.5353698730469,49.23528289794922,308.8999938964844,122.8011474609375,45.27738952636719,64.7699966430664,201.90447998046875,97.53227233886719,159.48023986816406,340.002685546875,25.485862731933594,141.4495849609375,43.01343536376953,6.420000076293945,30.284339904785156,78.00824737548828,436.2115173339844,153.93734741210938,40.6552619934082,57.35499572753906,94.45264434814453,226.22874450683594,99.79367065429688,51.272727966308594,495.2042236328125,75.57575988769531,137.44589233398438,288.55694580078125,29.488000869750977,315.4029846191406,86.66810607910156,69.7699966430664,37.435848236083984,93.3116226196289,,37.55812072753906,148.36204528808594,36.47449493408203,30.337499618530273,233.8444366455078,
2023-01-01,19.49368667602539,141.75965881347656,97.97126007080078,98.9971694946289,240.49771118164062,103.12999725341797,55.72826385498047,173.22000122070312,147.67320251464844,334.4562683105469,59.40152359008789,311.5199890136719,129.11410522460938,45.94160079956055,75.1500015258789,223.72178649902344,102.58131408691406,147.5361785888672,362.95257568359375,27.250490188598633,130.54791259765625,44.29450607299805,7.78000020980835,32.44227600097656,84.7380142211914,488.4231872558594,149.24609375,48.37425231933594,55.29018020629883,108.13848114013672,239.38661193847656,96.60962677001953,63.08576202392578,466.25860595703125,87.21617126464844,129.9310302734375,296.1485900878906,35.38600158691406,336.0055847167969,89.26276397705078,79.31999969482422,38.1146354675293,92.3222885131836,,42.633785247802734,160.26268005371094,37.96916198730469,31.5049991607666,224.7271728515625,
2023-02-01,23.164527893066406,145.04611206054688,89.26844024658203,89.51082611083984,242.66647338867188,94.2300033569336,56.61227798461914,205.7100067138672,173.41712951660156,303.432373046875,56.958473205566406,305.17999267578125,132.2414093017578,45.38596725463867,78.58000183105469,214.15985107421875,97.93526458740234,139.3588409423828,347.95849609375,24.33236312866211,135.9818572998047,44.06698226928711,7.840000152587891,31.363311767578125,83.72262573242188,463.4667053222656,139.101318359375,47.01133728027344,53.65816116333008,112.92222595214844,227.2982177734375,95.5572738647461,66.40151977539062,444.54248046875,86.472412109375,125.53246307373047,270.9069519042969,32.2130012512207,322.9992370605469,83.31990051269531,94.18499755859375,38.133399963378906,91.19400024414062,,42.814208984375,155.0535125732422,36.82038879394531,34.67499923706055,208.08001708984375,
2023-03-01,27.720123291015625,162.25563049316406,102.81829071044922,103.09107208251953,280.49365234375,103.29000091552734,61.55318832397461,207.4600067138672,210.0950469970703,334.82666015625,59.44092559814453,308.7699890136719,120.21189880371094,47.277767181396484,98.01000213623047,219.53477478027344,97.7125015258789,140.94100952148438,355.9109191894531,31.886816024780273,140.8149871826172,47.5799674987793,8.449999809265137,26.32094383239746,89.01036834716797,475.6138916015625,141.16917419433594,51.46417236328125,56.359371185302734,119.41658782958984,217.13597106933594,96.35748291015625,75.00732421875,442.9856262207031,78.67646789550781,135.68931579589844,271.5620422363281,34.54800033569336,302.61004638671875,84.39710235595703,99.87000274658203,37.729923248291016,91.04524993896484,,34.218414306640625,168.22109985351562,38.74109649658203,41.96500015258789,217.1429901123047,
2023-04-01,27.692184448242188,166.95896911621094,106.39655303955078,107.2741928100586,298.94036865234375,105.44999694824219,60.11016845703125,164.30999755859375,238.2279815673828,385.95440673828125,63.52914810180664,328.54998779296875,128.5282440185547,48.40640640258789,89.37000274658203,226.6137237548828,105.4468002319336,148.8519287109375,372.7719421386719,30.315410614013672,134.75389099121094,43.32518768310547,7.75,26.94675636291504,91.1146011352539,481.6922302246094,145.85865783691406,50.8778076171875,58.28557205200195,109.88892364501953,208.7363739013672,104.58123016357422,77.65141296386719,461.26409912109375,81.3192138671875,143.60040283203125,276.5494079589844,32.99300003051758,317.7169494628906,86.75761413574219,91.2300033569336,41.16089630126953,92.87674713134766,,36.3879508972168,151.20999145507812,37.51530456542969,40.040000915527344,215.3376007080078,
2023-05-01,37.75653076171875,174.64886474609375,121.7900619506836,122.29180145263672,320.19671630859375,120.58000183105469,77.5205078125,203.92999267578125,262.4155578613281,419.802734375,67.319580078125,321.0799865722656,126.17597961425781,47.27069091796875,118.20999908447266,215.6407928466797,91.83749389648438,142.05938720703125,358.0485534667969,30.81196403503418,123.01911163330078,45.54416275024414,14.710000038146973,25.575496673583984,101.90752410888672,490.69671630859375,131.59547424316406,59.86937713623047,54.20602798461914,129.92959594726562,196.28662109375,99.99839782714844,79.65997314453125,456.7178955078125,73.89862060546875,130.85470581054688,262.70135498046875,39.52299880981445,301.9219665527344,78.11395263671875,106.69499969482422,42.41019821166992,86.18887329101562,,36.727962493896484,158.46180725097656,43.13909912109375,41.584999084472656,200.06065368652344,
2023-06-01,42.21975326538086,191.1234588623047,118.64791870117188,119.91275787353516,332.0435791015625,130.36000061035156,83.66981506347656,261.7699890136719,284.4818115234375,458.4341125488281,62.2952880859375,341.0,135.22238159179688,50.58900451660156,113.91000366210938,231.68968200683594,96.39431762695312,151.6424102783203,385.7884216308594,32.77201461791992,120.13892364501953,47.44221496582031,15.329999923706055,26.614465713500977,114.5569839477539,516.4229736328125,137.47543334960938,62.581024169921875,55.13153839111328,140.8854217529297,234.7330322265625,105.20702362060547,86.18781280517578,452.3807067871094,77.1886215209961,139.339599609375,287.9010009765625,44.04899978637695,300.654296875,85.84978485107422,127.75499725341797,51.212135314941406,91.63297271728516,,39.375770568847656,164.05738830566406,47.23204803466797,40.51499938964844,201.30284118652344,
2023-07-01,46.63814163208008,193.56707763671875,131.5535125732422,131.94668579101562,327.5388488769531,133.67999267578125,86.68121337890625,267.42999267578125,315.8265686035156,444.32861328125,70.60101318359375,351.9599914550781,147.87147521972656,51.45157241821289,114.4000015258789,231.93362426757812,96.38533782958984,153.48390197753906,387.30908203125,35.05546951293945,134.859375,48.07915496826172,19.84000015258789,29.685007095336914,113.16352844238281,537.8038940429688,142.98843383789062,69.94344329833984,56.69705581665039,147.75718688964844,254.22640991210938,97.23832702636719,89.69847106933594,476.5980224609375,83.521728515625,144.43125915527344,309.40277099609375,43.89699935913086,331.7226257324219,87.69658660888672,124.9800033569336,50.434268951416016,82.25079345703125,,42.58634567260742,165.1917266845703,50.04928970336914,38.772499084472656,212.3009490966797,
2023-08-01,49.259037017822266,185.36293029785156,134.97315979003906,136.14959716796875,320.259033203125,138.00999450683594,89.01934051513672,258.0799865722656,293.31427001953125,542.8991088867188,69.16703796386719,360.20001220703125,136.98423767089844,52.522727966308594,105.72000122070312,240.14048767089844,100.75474548339844,149.19981384277344,405.3444519042969,34.561946868896484,132.4971923828125,52.98499298095703,14.979999542236328,26.817546844482422,116.21391296386719,527.8739013671875,142.1044464111328,68.37710571289062,54.774505615234375,149.22055053710938,269.5277404785156,99.36271667480469,89.87120056152344,448.5594482421875,77.67448425292969,142.6200714111328,308.0767822265625,43.36800003051758,308.0205993652344,84.4778823852539,121.6500015258789,53.59832763671875,81.04447174072266,,38.39132308959961,154.23402404785156,49.00593948364258,48.807498931884766,234.3035125732422,
2023-09-01,43.41800308227539,168.92526245117188,129.70985412597656,130.69769287109375,308.5238342285156,127.12000274658203,80.55172729492188,250.22000122070312,297.5966796875,526.1771850585938,67.27812194824219,350.29998779296875,135.75790405273438,51.65708923339844,102.81999969482422,224.82383728027344,106.54503631591797,143.7275848388672,388.9101867675781,34.965206146240234,134.39051818847656,49.668235778808594,16.0,25.610897064208984,102.24583435058594,542.94287109375,148.73777770996094,61.19911575317383,51.65641784667969,135.2421112060547,261.73321533203125,94.50475311279297,86.8636245727539,476.3934631347656,74.50001525878906,134.78402709960938,281.8301086425781,37.7599983215332,304.1293029785156,82.56271362304688,117.22000122070312,65.66366577148438,67.79139709472656,,37.99150848388672,145.9285430908203,44.786624908447266,45.98249816894531,245.65582275390625,
2023-10-01,40.70405960083008,168.49114990234375,122.98941802978516,124.20492553710938,330.3722229003906,133.08999633789062,81.59815216064453,200.83999633789062,298.6474304199219,542.6346435546875,66.24127960205078,341.3299865722656,131.13909912109375,52.781124114990234,98.5,229.7990264892578,95.91590118408203,136.88955688476562,370.23199462890625,35.899574279785156,128.56008911132812,48.5101432800293,14.800000190734863,24.638093948364258,100.17850494384766,530.9107666015625,128.5467529296875,57.435020446777344,52.12703323364258,129.28347778320312,217.84071350097656,94.27525329589844,85.3550033569336,506.0340576171875,65.39208984375,139.5124053955078,265.5354919433594,41.16899871826172,285.3685302734375,79.51274871826172,121.51000213623047,64.12712860107422,76.6644515991211,,36.978023529052734,131.52175903320312,45.8646354675293,50.092498779296875,233.718505859375,
2023-11-01,46.68290710449219,187.66209411621094,131.36517333984375,132.74960327148438,370.9898986816406,146.08999633789062,89.77959442138672,240.0800018310547,324.3021545410156,580.0577392578125,75.40431213378906,360.0,147.18968200683594,50.28758239746094,121.16000366210938,251.42662048339844,93.94908905029297,143.86465454101562,407.1026611328125,44.1092529296875,129.66195678710938,45.02053451538086,20.049999237060547,28.747577667236328,112.58940124511719,570.6856079101562,127.99567413330078,69.90391540527344,54.35581588745117,146.62396240234375,241.6147918701172,94.07331085205078,95.70321655273438,522.4843139648438,73.25908660888672,142.75775146484375,294.3612060546875,47.39699935913086,323.65576171875,83.25831604003906,147.5449981689453,72.71449279785156,77.31499481201172,,41.829254150390625,141.4315185546875,53.32670974731445,54.9275016784668,248.39804077148438,
2023-12-01,49.43412780761719,190.21102905273438,138.4622039794922,139.6983184814453,368.1799011230469,151.94000244140625,108.7544937133789,248.47999572753906,350.8787536621094,572.0885620117188,84.65081787109375,356.6600036621094,160.4110870361328,51.109771728515625,147.41000366210938,255.021484375,91.42524719238281,145.79942321777344,419.5765686035156,49.58590316772461,141.11741638183594,47.01193618774414,17.170000076293945,31.745849609375,102.145263671875,649.97216796875,132.95152282714844,76.68761444091797,54.81157302856445,158.65501403808594,284.9323425292969,100.80145263671875,100.34706115722656,499.1421813964844,86.10298156738281,136.26705932617188,325.40386962890625,48.6879997253418,365.5696716308594,85.06109619140625,147.44000244140625,73.31829071044922,79.83901977539062,,46.17259979248047,157.87057495117188,56.918243408203125,58.877498626708984,265.3299865722656,
2024-01-01,61.4178352355957,182.17892456054688,138.8686065673828,140.5607147216797,389.2696228027344,155.1999969482422,114.96554565429688,187.2899932861328,386.7437438964844,633.6137084960938,85.05750274658203,383.739990234375,165.44232177734375,53.573673248291016,167.69000244140625,267.6672668457031,94.01310729980469,147.8086700439453,442.623779296875,42.51066207885742,151.13479614257812,47.05889892578125,16.09000015258789,32.06642150878906,108.63925170898438,684.2391967773438,131.40948486328125,80.79098510742188,55.332435607910156,160.8380126953125,290.74462890625,111.67493438720703,104.11312866210938,485.17681884765625,81.34269714355469,147.0467987060547,331.42279052734375,56.4109992980957,363.9018249511719,82.14073181152344,169.2550048828125,79.78779602050781,86.46219635009766,,47.073158264160156,149.4644317626953,58.16568374633789,64.66999816894531,289.5028381347656,
2024-02-01,78.97163391113281,178.80075073242188,137.24305725097656,138.558349609375,405.7429504394531,176.75999450683594,126.70470428466797,201.8800048828125,486.37884521484375,740.9721069335938,89.87825775146484,409.3999938964844,176.5439453125,57.003684997558594,192.52999877929688,277.3715515136719,96.46504211425781,151.25537109375,467.7782897949219,42.60557556152344,161.84478759765625,45.361473083496094,25.079999923706055,32.77655029296875,108.61980438232422,733.5755004882812,136.9702606201172,91.86243438720703,55.82539749145508,197.7061309814453,323.3228454589844,117.56471252441406,123.35228729248047,467.9784240722656,80.22383117675781,148.73118591308594,357.3855285644531,60.29199981689453,371.2905578613281,81.3360595703125,155.27499389648438,91.12830352783203,85.64646911621094,,52.51448440551758,156.19464111328125,66.95619201660156,69.38500213623047,254.2299041748047,
2024-03-01,90.19991302490234,169.63072204589844,149.6034393310547,150.92929077148438,412.6877136230469,180.3800048828125,129.68258666992188,175.7899932861328,481.8636779785156,764.8426513671875,117.05082702636719,420.5199890136719,190.05564880371094,58.72024917602539,180.49000549316406,273.8778991699219,107.28182983398438,148.26547241210938,474.4881591796875,43.714012145996094,167.40664672851562,46.80569076538086,23.010000228881836,36.004825592041016,122.16808319091797,722.4716796875,142.13336181640625,95.32948303222656,57.35948944091797,202.22665405273438,354.7586669921875,122.77674865722656,138.00765991210938,470.87030029296875,87.79492950439453,151.82859802246094,362.34735107421875,60.733001708984375,398.62322998046875,83.98645782470703,142.06500244140625,109.85262298583984,93.15377807617188,136.174560546875,54.75336456298828,162.6167755126953,68.55281066894531,72.49500274658203,263.9691162109375,
2024-04-01,86.25274658203125,168.49314880371094,161.34927368164062,163.20111083984375,381.8970031738281,175.0,127.22276306152344,183.27999877929688,426.87774658203125,767.9298095703125,112.15592193603516,396.7300109863281,182.99468994140625,57.92000198364258,158.3800048828125,263.60302734375,109.1553726196289,135.5187225341797,445.1805725097656,30.155445098876953,150.9131622314453,44.41788101196289,21.969999313354492,35.140785217285156,110.99009704589844,714.0206909179688,145.31410217285156,87.75861358642578,57.912635803222656,194.7937774658203,325.0941162109375,120.23655700683594,159.70082092285156,460.4001770019531,85.48206329345703,153.7036895751953,315.7032165527344,55.06399917602539,407.2314453125,87.02983093261719,145.44500732421875,120.4563980102539,96.96475982666016,153.06317138671875,56.038124084472656,164.6797332763672,67.64215087890625,64.13999938964844,254.33201599121094,
2024-05-01,109.44361877441406,190.43470764160156,170.9838409423828,172.43966674804688,407.93890380859375,176.44000244140625,129.9897918701172,178.0800018310547,463.2571105957031,807.8829345703125,124.11021423339844,414.3999938964844,193.38796997070312,64.39769744873047,166.89999389648438,267.8761291503906,109.10225677490234,138.57943725585938,441.10565185546875,30.655534744262695,149.61412048339844,43.964054107666016,21.68000030517578,37.97028350830078,114.34664916992188,799.9423217773438,147.71893310546875,91.49009704589844,59.000205993652344,211.2893524169922,328.9322814941406,116.81237030029297,162.977294921875,471.5079650878906,92.06918334960938,154.9656982421875,318.5161437988281,64.16200256347656,438.3172607421875,92.93326568603516,147.4550018310547,134.87559509277344,103.5920181274414,175.15980529785156,56.93034744262695,183.34457397460938,74.6866455078125,74.4124984741211,285.974853515625,
2024-06-01,123.33671569824219,208.63124084472656,180.75624084472656,182.0238800048828,439.20770263671875,193.25,157.58924865722656,197.8800048828125,500.8578186035156,891.6315307617188,130.59371948242188,406.79998779296875,193.0348358154297,66.30729675292969,162.2100067138672,258.0542297363281,107.11113739013672,138.09756469726562,435.27447509765625,30.774776458740234,159.15289306640625,44.918975830078125,25.329999923706055,37.991058349609375,137.77407836914062,839.5497436523438,142.3671875,104.6773910522461,60.13828659057617,231.83084106445312,323.665771484375,115.88248443603516,156.8881072998047,486.7852783203125,91.4575424194336,155.32357788085938,327.42852783203125,67.48799896240234,434.2846984863281,94.09619903564453,169.5050048828125,133.28097534179688,96.46231079101562,170.78826904296875,56.42679214477539,182.89329528808594,81.07630157470703,87.62000274658203,292.14593505859375,
2024-07-01,116.82743072509766,219.98304748535156,170.2274169921875,171.83206176757812,411.1031188964844,186.97999572753906,157.71392822265625,232.07000732421875,471.6637878417969,792.056884765625,109.13365173339844,438.5,204.21949768066406,67.21802520751953,144.47999572753906,261.20037841796875,110.33972930908203,149.1427459716797,458.20135498046875,30.546226501464844,173.5375213623047,46.20015335083008,26.889999389648438,38.50691223144531,136.45071411132812,813.0593872070312,146.05335998535156,90.56017303466797,63.05780792236328,208.4601287841797,337.7648010253906,105.89486694335938,168.25535583496094,550.7327880859375,97.9960708618164,152.3162841796875,350.1803894042969,62.834999084472656,488.7335205078125,106.93889617919922,162.36500549316406,110.24534606933594,112.89329528808594,177.48995971679688,56.37928771972656,192.86563110351562,80.9346923828125,86.63749694824219,310.8649597167969,
2024-08-01,119.17357635498047,227.1002655029297,162.12985229492188,163.85324096679688,410.6529235839844,178.5,159.8144073486328,214.11000061035156,517.8338012695312,946.7627563476562,95.63851165771484,475.9200134277344,215.73562622070312,75.84565734863281,148.55999755859375,272.2652587890625,110.61842346191406,157.90032958984375,477.59814453125,22.040000915527344,183.82876586914062,48.19309997558594,31.479999542236328,38.92722702026367,138.25112915039062,882.673828125,136.16522216796875,80.70730590820312,68.4716796875,194.15481567382812,347.4235534667969,110.8746337890625,172.62484741210938,564.1531372070312,98.3758773803711,162.53005981445312,352.6326599121094,70.13500213623047,492.80316162109375,114.4885025024414,181.36000061035156,112.04915618896484,119.14860534667969,200.1541748046875,55.97709274291992,202.8302001953125,80.72422790527344,88.34500122070312,314.3099365234375,
2024-09-01,121.25054168701172,231.06707763671875,164.79934692382812,166.13583374023438,423.6082763671875,186.3300018310547,169.87257385253906,261.6300048828125,569.1654052734375,873.705810546875,103.06183624267578,460.260009765625,202.35769653320312,79.30256652832031,164.0800018310547,270.8663635253906,109.94310760498047,154.28269958496094,487.93389892578125,23.459999084472656,184.9243927001953,50.7486572265625,37.20000076293945,38.15221405029297,166.73507690429688,876.8776245117188,135.53939819335938,80.46669006347656,68.36077880859375,198.869384765625,381.59027099609375,107.00855255126953,186.7014617919922,560.8584594726562,98.97403717041016,164.10287475585938,387.7524108886719,70.927001953125,478.18084716796875,113.99808502197266,170.89999389648438,114.95851135253906,117.04270935058594,253.9070281982422,54.08150863647461,195.47743225097656,76.2891845703125,95.95500183105469,303.36944580078125,
2024-10-01,132.55287170410156,224.03590393066406,170.02603149414062,171.60113525390625,400.0307312011719,186.39999389648438,167.18417358398438,249.85000610351562,564.3331909179688,818.2818603515625,99.1386947631836,450.9200134277344,214.27684020996094,80.48104858398438,144.07000732421875,285.54498291015625,109.53041076660156,152.18826293945312,494.31146240234375,21.520000457763672,192.4326171875,52.625816345214844,41.560001373291016,40.20981216430664,164.59938049316406,864.6718139648438,136.96592712402344,73.31018829345703,62.129737854003906,178.7216339111328,368.35247802734375,96.41699981689453,170.0688018798828,541.500732421875,111.25001525878906,157.42428588867188,376.79547119140625,75.60299682617188,500.0852355957031,124.60912322998047,180.1649932861328,120.32081604003906,116.87847137451172,300.390625,62.15208435058594,193.51626586914062,65.632080078125,96.61000061035156,301.4393310546875,
2024-11-01,138.03431701660156,235.62010192871094,167.8797149658203,169.41500854492188,417.7090759277344,207.88999938964844,159.611328125,345.1600036621094,571.0345458984375,785.6658325195312,97.44742584228516,483.0199890136719,241.11940002441406,90.84193420410156,137.17999267578125,310.99041748046875,111.5462875366211,148.75511169433594,527.30908203125,24.049999237060547,172.66737365722656,56.89199447631836,67.08000183105469,45.68073654174805,181.2711639404297,962.58642578125,150.5519256591797,72.84677124023438,61.42198944091797,172.36416625976562,397.6385498046875,95.77622985839844,180.34542846679688,585.3388671875,125.94937133789062,170.8431854248047,412.81451416015625,88.68099975585938,587.7614135742188,124.94715881347656,193.91000366210938,124.17481994628906,118.31673431396484,332.7140197753906,73.34262084960938,191.4873809814453,63.917484283447266,101.45500183105469,268.4595947265625,
2024-12-01,134.08973693847656,248.6157989501953,188.31639099121094,189.45391845703125,415.77569580078125,219.38999938964844,228.92050170898438,403.8399963378906,582.6302490234375,762.6001586914062,83.83695983886719,453.2799987792969,231.4541473388672,88.92706298828125,120.79000091552734,311.9380187988281,101.72119903564453,138.78436279296875,521.0064086914062,20.049999237060547,167.73077392578125,56.882381439208984,75.62999725341797,42.49287796020508,163.42257690429688,907.50830078125,134.66275024414062,71.43854522705078,59.67747497558594,160.4463653564453,355.1928405761719,94.49121856689453,165.39752197265625,487.1110534667969,120.31269073486328,159.77830505371094,374.2005920410156,89.13200378417969,555.7803344726562,114.26718139648438,181.9600067138672,112.15538787841797,112.38292694091797,327.79205322265625,67.63272094726562,178.60916137695312,62.24700927734375,110.52999877929688,247.362060546875,
2025-01-01,119.89093780517578,234.29965209960938,202.9599151611328,204.53543090820312,409.4231872558594,237.67999267578125,218.48361206054688,404.6000061035156,685.7903442382812,801.204345703125,90.8897933959961,468.6700134277344,259.4268798828125,96.61407470703125,115.94999694824219,337.3636169433594,101.02144622802734,146.01051330566406,550.3713989257812,19.43000030517578,175.21990966796875,58.624351501464844,82.48999786376953,44.76496124267578,167.1864471435547,970.510009765625,138.70709228515625,80.16190338134766,60.84687423706055,177.92845153808594,365.0251159667969,93.86431121826172,201.8704833984375,522.3834228515625,133.35751342773438,159.16090393066406,396.3165588378906,97.6760025024414,621.5670776367188,123.61932373046875,184.4199981689453,101.23078155517578,125.23140716552734,371.5900573730469,75.87498474121094,177.14718627929688,72.927734375,115.2300033569336,270.879638671875,
2025-02-01,124.73370361328125,240.36160278320312,169.39520263671875,171.3282470703125,392.3837585449219,212.27999877929688,196.91860961914062,292.9800109863281,664.9135131835938,910.98779296875,93.27061462402344,513.8300170898438,256.85491943359375,97.0569839477539,99.86000061035156,358.6046447753906,106.21843719482422,159.6288299560547,571.0612182617188,23.729999542236328,199.1637420654297,62.019927978515625,84.91999816894531,44.571590423583984,163.2540283203125,1039.7303466796875,149.11021423339844,75.89912414550781,68.25623321533203,156.30679321289062,338.0098571777344,87.62378692626953,205.25201416015625,457.3563232421875,128.2324676513672,166.68792724609375,381.5213317871094,98.05599975585938,606.984619140625,147.43170166015625,190.42999267578125,100.41000366210938,129.80857849121094,334.0204772949219,75.78511047363281,188.06715393066406,70.18161010742188,93.05000305175781,294.728271484375,46.849998474121094
2025-03-01,108.22832489013672,220.7720947265625,154.01365661621094,155.5980987548828,371.0343933105469,190.25999450683594,165.8218536376953,259.1600036621094,574.035400390625,817.2597045898438,86.66918182373047,532.5800170898438,238.0748748779297,86.64466857910156,102.73999786376953,346.4932861328125,113.46949768066406,160.42202758789062,543.1281127929688,22.709999084472656,199.63064575195312,59.69816207885742,84.4000015258789,40.60109329223633,137.44760131835938,937.7711181640625,157.26043701171875,72.12039947509766,69.15583038330078,143.50123596191406,324.1042175292969,85.99522399902344,198.8483123779297,506.4933776855469,112.3948745727539,163.40863037109375,354.79339599609375,93.25299835205078,532.8538208007812,152.03762817382812,170.63999938964844,89.06550598144531,129.291259765625,304.2239074707031,69.46646118164062,172.43565368652344,67.30638885498047,77.4800033569336,298.0672607421875,47.61000061035156
2025-04-01,108.76756286621094,211.20095825195312,158.15679931640625,160.23927307128906,390.6737976074219,184.4199981689453,190.621337890625,282.1600036621094,546.7858276367188,889.534912109375,76.75443267822266,533.25,238.87725830078125,95.98125457763672,97.3499984741211,341.58941650390625,100.78014373779297,151.20338439941406,543.929931640625,20.100000381469727,187.6091766357422,56.22077941894531,118.44000244140625,38.80113983154297,138.83917236328125,986.0785522460938,127.90276336669922,71.09860229492188,70.0538330078125,149.02890014648438,305.39215087890625,81.62647247314453,200.22927856445312,397.8838195800781,112.08281707763672,156.85324096679688,348.98486328125,113.1719970703125,534.0828857421875,164.1351318359375,186.92999267578125,90.23656463623047,123.1126708984375,369.81890869140625,68.71171569824219,154.89027404785156,69.57270050048828,82.2699966430664,278.330078125,32.11000061035156
2025-05-01,134.94090270996094,199.88394165039062,171.04440307617188,172.15090942382812,455.8537902832031,205.00999450683594,239.74493408203125,346.4599914550781,644.8786010742188,731.4402465820312,94.2199478149414,503.9599914550781,257.8022766113281,97.66764068603516,110.7300033569336,361.6561279296875,98.50199127197266,151.42645263671875,581.18701171875,19.549999237060547,178.96435546875,61.3919677734375,131.77999877929688,42.93616485595703,163.3175811767578,1032.7156982421875,130.06961059570312,80.1458969116211,69.61930847167969,155.4422607421875,343.66619873046875,73.61712646484375,244.31069946289062,291.962646484375,124.3282241821289,163.91586303710938,356.53594970703125,120.7229995727539,588.6011962890625,172.97596740722656,192.4199981689453,109.4226303100586,133.89419555664062,471.703125,72.75667572021484,176.95523071289062,75.11840057373047,86.63999938964844,278.1451721191406,37.689998626708984
2025-06-01,157.7798614501953,204.18316650390625,175.72869873046875,176.8848876953125,492.5411682128906,219.38999938964844,273.64495849609375,317.6600036621094,735.6788940429688,772.9467163085938,122.93677520751953,485.7699890136719,283.10400390625,96.73766326904297,141.89999389648438,351.6142883300781,103.79779052734375,149.0264129638672,557.705322265625,22.399999618530273,178.49314880371094,67.56621551513672,136.32000732421875,46.31118392944336,215.70787048339844,982.8359985351562,136.24485778808594,96.80422973632812,68.8014907836914,181.54269409179688,383.3423767089844,76.59915161132812,255.716064453125,303.8327941894531,136.78726196289062,153.717529296875,357.1444396972656,133.91299438476562,693.78369140625,175.76446533203125,204.63999938964844,120.56452941894531,143.25344848632812,527.7214965820312,77.95218658447266,200.9267120361328,88.89990997314453,102.30999755859375,269.4875183105469,45.349998474121094
2025-07-01,177.63340759277344,206.57162475585938,191.35409545898438,192.3108367919922,528.2779541015625,234.11000061035156,291.5636901855469,308.2699890136719,770.913330078125,733.8199462890625,108.9651107788086,471.8800048828125,290.6790771484375,96.93553924560547,176.30999755859375,342.1270446777344,107.49522399902344,160.72413635253906,562.9618530273438,19.799999237060547,183.33251953125,66.69890594482422,158.35000610351562,46.262245178222656,250.9102020263672,932.89697265625,144.28500366210938,94.31800079345703,66.02025604248047,178.5577850341797,434.1122741699219,75.59278869628906,269.7102966308594,243.05064392089844,139.30210876464844,146.1715850830078,357.9919128417969,115.94000244140625,709.311279296875,158.3163604736328,173.60000610351562,131.02040100097656,154.58462524414062,658.7940673828125,78.4483871459961,176.4894256591797,87.24147033691406,123.22000122070312,284.82421875,42.91999816894531
2025-08-01,173.94830322265625,231.28562927246094,212.3043670654297,212.92198181152344,502.5551452636719,229.0,295.22686767578125,333.8699951171875,736.2868041992188,727.9887084960938,118.81929016113281,502.9800109863281,295.7618713378906,96.17029571533203,162.6300048828125,348.98895263671875,111.07086181640625,174.11985778808594,591.6033935546875,24.350000381469727,204.0691680908203,67.68840789794922,156.7100067138672,49.65827178955078,223.58169555664062,937.8480224609375,154.5115203857422,99.59877014160156,67.08995819091797,159.87571716308594,415.3016357421875,81.39868927001953,273.80950927734375,301.7875671386719,147.14431762695312,152.55389404296875,396.2350769042969,120.82499694824219,734.4544677734375,161.28871154785156,190.52000427246094,120.61302947998047,156.28038024902344,611.5812377929688,80.42617797851562,197.3687286376953,86.73210906982422,136.5500030517578,279.94427490234375,52.470001220703125
2025-09-01,186.3423309326172,253.69287109375,242.62527465820312,243.0735626220703,513.7232666015625,219.57000732421875,328.0714416503906,444.7200012207031,732.4749145507812,758.2180786132812,167.0518798828125,502.739990234375,309.50885009765625,102.19953155517578,161.7899932861328,338.67144775390625,109.5742416381836,182.22784423828125,565.287353515625,33.54999923706055,224.5730743408203,67.0320053100586,182.4199981689453,50.7709846496582,278.0706481933594,920.2606811523438,149.40280151367188,133.4259490966797,64.98810577392578,203.61380004882812,472.8932189941406,82.01707458496094,299.665771484375,338.4150390625,155.4363555908203,149.26072692871094,396.9352111816406,119.89199829101562,784.814208984375,156.53103637695312,203.6199951171875,139.9861602783203,164.88267517089844,613.5069580078125,82.03116607666016,179.09205627441406,107.28126525878906,145.7100067138672,274.5830078125,112.19999694824219
2025-10-01,202.23207092285156,269.37493896484375,280.6408996582031,281.2687072753906,513.5843505859375,244.22000122070312,367.5700988769531,456.55999755859375,646.6680908203125,857.4521484375,223.55133056640625,477.5400085449219,306.76397705078125,100.33522033691406,256.1199951171875,338.0365295410156,111.1388931274414,185.61843872070312,549.2957763671875,39.9900016784668,213.00387573242188,72.05936431884766,200.47000122070312,52.60145950317383,260.1011657714844,907.4450073242188,151.74070739746094,156.90257263183594,67.51628875732422,231.81781005859375,573.7537841796875,84.02035522460938,307.76458740234375,334.7496643066406,161.34091186523438,147.09591674804688,371.8567810058594,111.88600158691406,777.9353637695312,140.5944061279297,220.24000549316406,160.5414581298828,175.88931274414062,584.0577392578125,85.11394500732422,158.78900146484375,120.22543334960938,157.69000244140625,290.3749084472656,199.3300018310547
2025-11-01,176.7745361328125,278.0930480957031,319.5547790527344,319.4938049316406,488.9082946777344,233.22000122070312,400.71429443359375,430.1700134277344,646.2691650390625,1070.2991943359375,236.2489013671875,513.8099975585938,308.696533203125,109.58733367919922,217.52999877929688,332.4437255859375,113.64030456542969,204.64886474609375,547.8429565429688,40.560001373291016,222.44076538085938,75.83433532714844,168.4499969482422,52.798282623291016,200.02069091796875,909.5755615234375,147.02442932128906,155.44773864746094,71.65154266357422,251.3542022705078,572.262939453125,102.44072723388672,297.30487060546875,323.1947326660156,166.90914916992188,144.9340362548828,349.6486511230469,107.58000183105469,814.0741577148438,153.404052734375,190.1300048828125,132.14126586914062,173.0330047607422,598.6605834960938,84.45958709716797,165.486328125,117.11244201660156,130.67999267578125,338.532958984375,223.27999877929688
2025-12-01,186.27281188964844,271.12200927734375,312.5931091308594,313.3904724121094,480.5711669921875,230.82000732421875,344.82977294921875,449.7200012207031,658.9146118164062,1069.5130615234375,285.24627685546875,502.6499938964844,317.70855712890625,110.70501708984375,214.16000366210938,348.6165771484375,117.97338104248047,204.67852783203125,568.0935668945312,36.900001525878906,223.2125244140625,75.92304229736328,177.75,54.40813064575195,193.04794311523438,858.55078125,148.2696533203125,170.8547821044922,68.9871826171875,256.0773620605469,569.3904418945312,103.74008178710938,307.1990051269531,325.70318603515625,174.65155029296875,140.18963623046875,339.27001953125,93.76000213623047,870.5615234375,157.673583984375,184.1999969482422,124.73896789550781,181.431884765625,652.3611450195312,91.69053649902344,170.61997985839844,121.0588150024414,131.02999877929688,320.7469177246094,237.3800048828125
2026-01-01,190.8971710205078,258.775634765625,337.56060791015625,338.08819580078125,427.5773620605469,239.3000030517578,330.08404541015625,430.4100036621094,715.2241821289062,1032.1634521484375,414.6419982910156,480.5299987792969,302.9676818847656,118.38610076904297,236.72999572753906,319.9089660644531,138.61920166015625,224.75570678710938,536.9655151367188,46.470001220703125,219.61192321777344,77.6075668334961,146.58999633789062,52.62750244140625,163.43858337402344,937.3972778320312,172.09437561035156,233.01649475097656,73.82250213623047,321.1753845214844,654.89599609375,108.677734375,305.9623718261719,283.099609375,180.82748413085938,149.51954650878906,369.33203125,83.48999786376953,926.4299926757812,176.38995361328125,176.97000122070312,113.8987808227539,198.77377319335938,725.560302734375,89.02444458007812,213.36785888671875,142.26611328125,141.74000549316406,335.0247802734375,576.25
2026-02-01,176.97415161132812,263.70941162109375,311.354736328125,311.0235595703125,391.15484619140625,210.0,318.377197265625,402.510009765625,647.0258178710938,1048.679443359375,412.1334533691406,504.95001220703125,297.4310607910156,127.14035034179688,200.2100067138672,318.88531494140625,150.49740600585938,247.00942993164062,515.4586791992188,45.61000061035156,228.54373168945312,78.73719787597656,137.19000244140625,49.29376983642578,144.3916015625,1007.7232666015625,183.46383666992188,233.44566345214844,80.48339080810547,371.4405517578125,740.045654296875,122.0320816040039,341.336669921875,289.3549499511719,164.71324157714844,164.72073364257812,375.3760070800781,96.23999786376953,851.3180541992188,183.6543426513672,148.9199981689453,147.3796844482422,201.1114044189453,872.6261596679688,80.52467346191406,209.96267700195312,152.08876037597656,133.5,383.012451171875,635.3599853515625
2026-03-01,174.1969757080078,253.33790588378906,287.3883361816406,286.68743896484375,368.67596435546875,208.27000427246094,309.02093505859375,371.75,571.6002197265625,916.8756103515625,337.7880554199219,479.20001220703125,291.3497314453125,123.74702453613281,203.42999267578125,301.055419921875,167.4320526123047,243.04225158691406,497.96807861328125,44.130001068115234,214.17604064941406,76.88420867919922,146.27999877929688,48.498016357421875,146.08975219726562,993.4067993164062,203.2483673095703,213.5095977783203,75.56214904785156,341.0010070800781,705.8045043945312,119.43114471435547,283.4167175292969,269.0533142089844,162.794189453125,142.29823303222656,326.4414978027344,96.1500015258789,842.2778930664062,163.98049926757812,160.32000732421875,163.35379028320312,191.46377563476562,872.4542236328125,78.70558166503906,192.17459106445312,146.88729858398438,122.77999877929688,347.1839904785156,635.3400268554688
2026-04-01,199.33767700195312,270.86663818359375,384.5702819824219,381.71026611328125,406.1341552734375,265.05999755859375,416.7703857421875,381.6300048828125,611.3433837890625,931.6588745117188,517.0804443359375,473.6000061035156,311.82525634765625,131.3642120361328,354.489990234375,328.5472412109375,152.30335998535156,228.5356903076172,502.078369140625,94.4800033569336,209.8264923095703,91.15898132324219,139.11000061035156,53.18367004394531,160.83047485351562,1011.451904296875,189.8982391357422,257.678466796875,78.25476837158203,393.5793151855469,888.4617919921875,108.40046691894531,289.56903076171875,368.37603759765625,189.5465850830078,146.00010681152344,326.3521423339844,93.61000061035156,919.7166748046875,163.71273803710938,179.32000732421875,208.60528564453125,174.75909423828125,1082.9066162109375,81.29581451416016,278.23443603515625,174.61453247070312,172.7100067138672,341.6582336425781,1096.510009765625
2026-05-01,210.8942108154297,311.7911071777344,380.1129455566406,376.2035827636719,449.3940124511719,270.6400146484375,446.06402587890625,435.7900085449219,631.92431640625,1103.4188232421875,970.8507080078125,474.4800109863281,297.9676818847656,115.47355651855469,516.0999755859375,325.75482177734375,144.32546997070312,225.3300018310547,493.1533203125,114.68000030517578,216.18125915527344,119.97119140625,156.5399932861328,51.333282470703125,224.9972381591797,954.8019409179688,180.8814239501953,317.9560241699219,78.50315856933594,449.5792541503906,874.2481689453125,117.87236022949219,323.35693359375,378.15020751953125,206.8612823486328,142.4962615966797,314.7789611816406,86.0199966430664,1021.06005859375,175.9215087890625,281.69000244140625,420.2156066894531,179.06515502929688,967.8255004882812,77.09737396240234,304.12286376953125,191.9540557861328,159.47000122070312,334.8332214355469,1694.97998046875
2026-06-01,200.08999633789062,289.11065673828125,357.3699951171875,353.3299865722656,372.319091796875,238.33999633789062,377.75,420.6000061035156,563.2899780273438,1197.7137451171875,1154.112548828125,500.3900146484375,325.86199951171875,112.989501953125,580.9099731445312,342.45379638671875,135.8404083251953,253.97000122070312,512.740478515625,139.6300048828125,249.86151123046875,117.02222442626953,116.66999816894531,56.97999954223633,146.04193115234375,933.9849853515625,164.32589721679688,433.3299865722656,81.2699966430664,722.2277221679688,1062.92822265625,128.5,373.2647399902344,415.6300048828125,207.8955841064453,145.55343627929688,352.67999267578125,71.4000015258789,1011.3699951171875,180.91000366210938,341.0199890136719,430.7481994628906,189.101806640625,1174.8599853515625,82.16825866699219,296.5516357421875,301.3693542480469,169.8800048828125,360.01605224609375,2273.72998046875
2026-07-01,200.75,308.6438293457031,356.1300048828125,356.6499938964844,463.8468017578125,271.5799865722656,389.2799987792969,311.2099914550781,556.7100219726562,1147.196044921875,823.030029296875,511.5400085449219,351.7900085449219,110.93441772460938,476.1499938964844,365.4510803222656,154.4399871826172,256.3500061035156,573.0999755859375,90.19999694824219,250.94000244140625,115.98999786376953,123.05999755859375,61.95000076293945,129.8699951171875,951.8900146484375,195.12709045410156,293.0199890136719,87.58999633789062,507.12774658203125,814.8099975585938,130.1999969482422,360.07000732421875,414.3999938964844,210.4199981689453,144.49000549316406,331.9599914550781,71.70999908447266,1018.3800048828125,190.82000732421875,331.8299865722656,405.3699951171875,214.50741577148438,990.2899780273438,85.95650482177734,275.739990234375,182.6136016845703,180.35000610351562,382.92218017578125,1214.8299560546875
2026-08-01,214.72000122070312,309.3500061035156,344.82000732421875,341.75,483.239990234375,258.6300048828125,368.45001220703125,362.8599853515625,549.9000244140625,1255.4000244140625,966.780029296875,495.82000732421875,351.5799865722656,103.69999694824219,473.25,371.0400085449219,165.11000061035156,270.239990234375,580.6300048828125,90.06999969482422,264.9599914550781,111.04000091552734,179.94000244140625,61.689998626708984,146.47000122070312,947.739990234375,205.27000427246094,314.0,91.0999984741211,492.32000732421875,827.9000244140625,152.5500030517578,348.3699951171875,390.1099853515625,214.1999969482422,144.67999267578125,335.6099853515625,79.58999633789062,1039.280029296875,188.22999572753906,357.8699951171875,442.0799865722656,209.91000366210938,956.8499755859375,83.83999633789062,264.3599853515625,183.99000549316406,188.64999389648438,439.3299865722656,1596.0799560546875
