,NVDA,INTC,F,TSLA,AAPL,PFE,PLTR,T,AMZN,NFLX,AMD,SMCI,MU,BAC,WBD,GOOGL,CMCSA,KVUE,MSFT,HOOD,ORCL,HBAN,VZ,AVGO,MRVL,HPE,CCL,WMT,CSCO,PCG,GOOG,NKE,CMG,UBER,NCLH,NOW,TTD,XOM,PYPL,FCX,KO,META,KEY,SLB,HPQ,CVNA,WFC,RF,KHC,BSX
2016-09-01,1.6828714609146118,30.5870361328125,7.1217217445373535,13.60200023651123,25.852914810180664,20.401342391967773,,15.268675804138184,41.865501403808594,9.854999542236328,6.909999847412109,2.3369998931884766,17.337940216064453,12.582660675048828,26.920000076293945,39.849639892578125,23.963333129882812,,51.14692306518555,,33.83230209350586,6.558899402618408,30.35025405883789,13.264945030212402,12.390223503112793,10.005648612976074,42.8233528137207,20.34224510192871,23.571353912353516,58.27948760986328,38.52482604980469,46.00633239746094,8.470000267028809,,37.70000076293945,15.829999923706055,2.9210000038146973,56.6630973815918,40.618228912353516,9.780901908874512,31.22490119934082,127.15339660644531,8.086459159851074,59.70280838012695,11.167024612426758,,33.623382568359375,6.913815498352051,56.93003463745117,23.799999237060547
2016-10-01,1.7477107048034668,28.253509521484375,7.013311386108398,13.182000160217285,25.964967727661133,19.10028076171875,,14.056306838989258,39.49100112915039,12.487000465393066,7.230000019073486,2.369999885559082,16.733356475830078,13.266061782836914,26.110000610351562,40.139076232910156,22.423568725585938,,53.20699691772461,,33.219764709472656,7.051149845123291,28.405073165893555,13.0927095413208,12.166141510009766,9.906521797180176,43.068965911865234,19.749919891357422,22.986936569213867,59.184593200683594,38.884178161621094,43.847999572753906,7.215199947357178,,38.869998931884766,17.582000732421875,2.5179998874664307,54.092227935791016,41.302303314208984,10.069108009338379,31.283939361572266,129.8497314453125,9.38215446472168,59.39153289794922,10.41919994354248,,34.9370231628418,7.50222635269165,56.573848724365234,22.0
2016-11-01,2.267849922180176,28.32864761352539,7.144735813140869,12.626667022705078,25.404094696044922,19.552370071411133,,14.759307861328125,37.528499603271484,11.699999809265137,8.90999984741211,2.734999895095825,19.044424057006836,17.043560028076172,27.09000015258789,38.453025817871094,25.212913513183594,,53.870391845703125,,34.75019073486328,8.288426399230957,29.468053817749023,13.108855247497559,13.38928508758545,10.492889404296875,45.40524673461914,19.86556625366211,22.34259033203125,56.021488189697266,37.57075119018555,43.751888275146484,7.926599979400635,,39.810001373291016,16.6299991607666,2.6579999923706055,57.17793273925781,38.94273376464844,13.824755668640137,30.0230655670166,117.38912963867188,11.557851791381836,63.810035705566406,11.073545455932617,,40.51883316040039,9.48460578918457,52.30452346801758,20.459999084472656
2016-12-01,2.6254899501800537,29.610370635986328,7.246288776397705,14.246000289916992,26.622358322143555,19.75920867919922,,16.249385833740234,37.493499755859375,12.380000114440918,11.34000015258789,2.805000066757202,21.3750057220459,17.83440589904785,27.40999984741211,39.274253845214844,25.14472198486328,,55.551063537597656,,33.2457160949707,8.847037315368652,31.523141860961914,13.669424057006836,13.006267547607422,10.229039192199707,45.97933578491211,19.63559913635254,22.642282485961914,58.36585235595703,38.253726959228516,44.57624435424805,7.54640007019043,,42.529998779296875,14.868000030517578,2.7669999599456787,59.116615295410156,39.131107330322266,11.879383087158203,30.848987579345703,114.0484848022461,12.198841094970703,64.1112060546875,10.761574745178223,,42.195640563964844,10.105130195617676,55.936683654785156,21.6299991607666
2017-01-01,2.6855080127716064,30.05938148498535,7.502681732177734,16.795333862304688,27.893484115600586,19.302947998046875,,16.356821060180664,41.17399978637695,14.071000099182129,10.369999885559082,2.6449999809265137,23.510562896728516,18.27017593383789,28.350000381469727,40.64905548095703,27.464374542236328,,57.79490280151367,,34.81684494018555,9.054492950439453,29.251893997192383,15.427106857299805,13.943995475769043,10.02569580078125,48.91154479980469,18.959487915039062,23.214542388916016,59.4415397644043,39.49131774902344,46.39154815673828,8.428799629211426,,47.0,18.124000549316406,2.9660000801086426,54.944522857666016,39.438446044921875,14.995579719543457,30.930837631225586,129.185546875,11.998531341552734,63.92790985107422,10.913862228393555,,43.12974548339844,10.14031982421875,57.19865798950195,24.059999465942383
2017-02-01,2.4992599487304688,29.764190673828125,7.6058783531188965,16.666000366210938,31.62500762939453,20.96837043762207,,16.213272094726562,42.25199890136719,14.213000297546387,14.460000038146973,2.5999999046325684,22.85721778869629,19.916431427001953,28.760000228881836,41.87518310546875,27.253162384033203,,57.542694091796875,,36.96957778930664,9.462715148925781,29.6219539642334,16.310977935791016,14.628535270690918,10.0875825881958,49.72636032104492,20.149784088134766,25.829206466674805,64.1092758178711,40.80077362060547,50.1274299621582,8.374799728393555,,50.70000076293945,17.384000778198242,4.2210001945495605,53.74831771850586,41.63938522338867,12.068517684936523,31.221017837524414,134.360107421875,12.588828086853027,61.74531173706055,12.59626293182373,,44.61751174926758,10.745497703552246,58.62079620361328,24.549999237060547
2017-03-01,2.6827399730682373,29.657316207885742,7.065637588500977,18.553333282470703,33.16481399536133,21.023681640625,,16.12015724182129,44.32699966430664,14.781000137329102,14.550000190734863,2.5350000858306885,28.181467056274414,19.094846725463867,29.09000015258789,42.017417907714844,27.376972198486328,,59.233543395996094,,38.7230110168457,9.012566566467285,29.096725463867188,17.008712768554688,14.364923477172852,10.507116317749023,52.357112884521484,20.62703514099121,25.542041778564453,64.20186614990234,41.11549758911133,49.025634765625,8.910400390625,,50.72999954223633,17.493999481201172,3.7249999046325684,54.20436096191406,42.6506233215332,12.032490730285645,31.856882095336914,140.81346130371094,11.924853324890137,60.00883483886719,13.066264152526855,,42.90618133544922,10.268527030944824,58.55629348754883,24.8700008392334
2017-04-01,2.568711757659912,29.723079681396484,7.056275844573975,20.937999725341797,33.162506103515625,20.845460891723633,,15.619373321533203,46.2495002746582,15.220000267028809,13.300000190734863,2.440000057220459,26.9820499420166,18.892478942871094,28.780000686645508,45.81970977783203,28.662742614746094,,61.57194137573242,,39.1949577331543,8.655826568603516,27.728601455688477,17.152427673339844,14.138999938964844,11.024633407592773,54.898983001708984,21.514163970947266,25.97036361694336,64.86943817138672,44.90211486816406,48.7441520690918,9.489399909973145,,53.93000030517578,18.895999908447266,3.734999895095825,53.96641159057617,47.310272216796875,11.483102798461914,32.38983917236328,148.94204711914062,12.233366966247559,55.77518081665039,13.753194808959961,2.2200000286102295,41.503231048583984,9.717293739318848,58.28548049926758,26.3799991607666
2017-05-01,3.5588126182556152,29.911067962646484,6.8409576416015625,22.733999252319336,35.41115951538086,20.259206771850586,,15.185827255249023,49.73099899291992,16.30699920654297,11.1899995803833,2.4600000381469727,30.00497055053711,18.19927406311035,26.5,48.92070388793945,30.491201400756836,,63.17314910888672,,39.56981658935547,8.44044303894043,28.16950798034668,18.602699279785156,16.228776931762695,11.13115406036377,57.313385009765625,22.643375396728516,24.034208297729492,66.15616607666016,47.82136917114258,46.615272521972656,9.54699993133545,,49.970001220703125,20.93000030517578,5.5,53.70877456665039,51.76171875,10.34830379486084,34.131317138671875,150.14151000976562,11.778863906860352,53.854278564453125,13.709345817565918,2.009999990463257,39.698490142822266,9.78089714050293,59.85560989379883,27.030000686645508
2017-06-01,3.5639889240264893,27.947925567626953,6.884020805358887,24.107332229614258,33.38515853881836,20.842466354370117,,14.870526313781738,48.400001525878906,14.940999984741211,12.479999542236328,2.4649999141693115,29.117599487304688,19.7016658782959,25.829999923706055,46.075439453125,28.581443786621094,,62.35000991821289,,43.71075439453125,9.154677391052246,26.973628997802734,18.18031120300293,15.606658935546875,9.855132102966309,58.65518569946289,21.802175521850586,23.858888626098633,64.72322845458984,45.03940200805664,52.07917785644531,8.321999549865723,,54.290000915527344,21.200000762939453,5.011000156402588,53.862247467041016,53.20918273925781,10.816633224487305,33.9429817199707,149.6656951904297,12.635136604309082,50.95222091674805,12.87012004852295,4.093999862670898,43.01316452026367,10.400196075439453,55.59689712524414,27.719999313354492
2017-07-01,4.006530284881592,29.380935668945312,6.991120338439941,21.564666748046875,34.47698211669922,20.575660705566406,,15.637203216552734,49.388999938964844,18.166000366210938,13.609999656677246,2.684999942779541,27.420860290527344,19.587974548339844,24.600000381469727,46.85948944091797,29.705015182495117,,65.76014709472656,,43.691871643066406,8.97185230255127,29.61588478088379,19.242034912109375,14.699731826782227,10.401651382446289,59.73758316040039,23.0438175201416,24.197202682495117,66.01046752929688,46.11838912963867,52.12331008911133,6.875400066375732,,55.06999969482422,22.09000015258789,5.330999851226807,53.40185546875,58.04728317260742,13.167290687561035,34.69221496582031,167.77667236328125,12.163172721862793,53.0881462097168,14.062885284423828,3.9040000438690186,41.872047424316406,10.371779441833496,56.778438568115234,26.6200008392334
2017-08-01,4.18105936050415,29.267671585083008,6.8727335929870605,23.726667404174805,38.16600036621094,21.252824783325195,,15.019729614257812,49.029998779296875,17.47100067138672,13.0,2.6630001068115234,31.17513084411621,19.50041961669922,22.209999084472656,47.34220504760742,29.822521209716797,,67.99285888671875,,44.041893005371094,8.524954795837402,29.352773666381836,19.664072036743164,16.9198055267334,10.728372573852539,62.51906204223633,22.632160186767578,24.781940460205078,68.63372802734375,46.556026458740234,46.77547073364258,6.334199905395508,,59.459999084472656,23.238000869750977,5.296999931335449,51.420223236083984,61.15040588378906,13.311393737792969,34.472740173339844,170.47300720214844,11.666386604309082,49.14908981323242,14.048157691955566,3.569999933242798,39.9321174621582,10.023682594299316,52.80281448364258,27.549999237060547
2017-09-01,4.411286354064941,31.779664993286133,7.458444595336914,22.739999771118164,35.866729736328125,22.36809730529785,,15.70535659790039,48.067501068115234,18.135000228881836,12.75,2.2100000381469727,38.35214614868164,20.68400001525879,21.290000915527344,48.25808334350586,28.258323669433594,,67.73823547363281,,42.309288024902344,9.512059211730957,30.28286361694336,18.997974395751953,16.91036033630371,11.318827629089355,58.10095977783203,22.652454376220703,25.874465942382812,66.92237091064453,47.5363883972168,45.92516326904297,6.156599998474121,,54.04999923706055,23.506000518798828,6.151000022888184,55.226375579833984,63.48023223876953,12.64492416381836,34.335113525390625,169.38253784179688,12.757781982421875,54.41423034667969,14.797947883605957,2.936000108718872,43.12232208251953,10.891292572021484,50.71034240722656,29.170000076293945
2017-10-01,5.103191375732422,37.96369934082031,7.7403059005737305,22.101999282836914,39.33890914916992,21.96709442138672,,13.717333793640137,55.263999938964844,19.64299964904785,10.989999771118164,1.9900000095367432,43.20832824707031,22.357336044311523,18.8799991607666,51.19801330566406,26.569698333740234,,75.64059448242188,,44.71636199951172,9.403038024902344,29.642972946166992,20.671876907348633,17.506025314331055,10.710949897766113,59.73863220214844,25.31079864501953,26.50159454345703,56.779354095458984,50.38774490356445,48.706363677978516,5.438000202178955,,55.75,25.27400016784668,6.5920000076293945,56.1492805480957,71.9369888305664,12.5908842086792,35.07505798339844,178.4925537109375,12.37138843536377,49.921321868896484,15.976751327514648,2.8359999656677246,43.89640808105469,11.070075988769531,50.566463470458984,28.139999389648438
2017-11-01,4.956110954284668,37.64299392700195,7.898012161254883,20.59000015258789,40.13662338256836,22.926563262939453,,14.83021354675293,58.837501525878906,18.757999420166016,10.890000343322754,2.2049999237060547,41.33607482910156,23.09200096130371,19.020000457763672,51.3531379699707,27.6832218170166,,76.92520904541016,,43.09989929199219,9.811867713928223,31.51308822631836,21.770832061767578,21.174043655395508,10.73403263092041,59.46314239501953,28.18657684326172,28.946104049682617,53.30989074707031,50.62416076660156,53.51588439941406,6.087800025939941,,54.15999984741211,24.600000381469727,4.914000034332275,56.62815475463867,75.07978057861328,12.536847114562988,35.201107025146484,175.6376190185547,12.941152572631836,49.0242919921875,15.90261173248291,3.242000102996826,44.46293640136719,11.863861083984375,53.63374710083008,26.280000686645508
2017-12-01,4.778075695037842,38.75114059448242,7.879088401794434,20.75666618347168,39.52471160888672,22.90127182006836,,15.84933090209961,58.4734992980957,19.195999145507812,10.279999732971191,2.0929999351501465,40.09763717651367,24.198650360107422,22.3799991607666,52.207061767578125,29.5341796875,,78.17731475830078,,41.53614807128906,9.997042655944824,32.776329040527344,20.256183624267578,20.40507698059082,11.106647491455078,60.12446212768555,28.778076171875,29.722137451171875,44.06125259399414,51.862735748291016,55.58648681640625,5.780600070953369,,53.25,26.077999114990234,4.572999954223633,56.8661003112793,72.9878921508789,17.076047897338867,35.285709381103516,174.9239044189453,13.752530097961426,52.97562026977539,15.678718566894531,3.8239998817443848,47.7698974609375,12.423930168151855,51.2542839050293,24.790000915527344
2018-01-01,6.06951379776001,40.413333892822266,7.090641975402832,23.62066650390625,39.10430145263672,23.41974449157715,,15.535265922546387,72.54450225830078,27.030000686645508,13.739999771118164,2.2829999923706055,42.632999420166016,26.231595993041992,25.06999969482422,58.591453552246094,31.487228393554688,,86.83223724365234,,45.49903869628906,11.10935115814209,33.863643646240234,19.556795120239258,22.172815322875977,12.684473037719727,64.87136840820312,31.065759658813477,32.47693634033203,41.7024040222168,57.98575973510742,60.6252555847168,6.495200157165527,,60.7400016784668,29.77400016784668,4.8480000495910645,59.354496002197266,84.58743286132812,17.56239891052246,36.600852966308594,185.26307678222656,14.591184616088867,57.84159851074219,17.402559280395508,3.818000078201294,51.793373107910156,13.82593822479248,51.669525146484375,27.959999084472656
2018-02-01,5.979394912719727,41.659488677978516,6.857952117919922,22.87066650390625,41.7706298828125,23.170873641967773,,15.058219909667969,75.62249755859375,29.13800048828125,12.109999656677246,1.809999942779541,47.5964469909668,26.313570022583008,24.31999969482422,54.71086883544922,26.80819320678711,,86.10149383544922,,44.68764877319336,10.779778480529785,29.899192810058594,19.43300437927246,22.324878692626953,14.378310203552246,61.00820541381836,26.231035232543945,35.010047912597656,40.3853874206543,54.75375747680664,59.56772994995117,6.368199825286865,,56.900001525878906,32.20199966430664,5.625999927520752,52.021541595458984,78.72817993164062,16.75182342529297,33.23994064331055,176.76773071289062,14.479588508605957,51.964073181152344,17.45479393005371,4.007999897003174,46.26472854614258,13.955351829528809,44.1949577331543,27.260000228881836
2018-03-01,5.722183704376221,44.0175666809082,7.161741256713867,17.742000579833984,39.345802307128906,22.647598266601562,,14.788578987121582,72.36699676513672,29.53499984741211,10.050000190734863,1.7000000476837158,50.843658447265625,24.676170349121094,21.43000030517578,51.401214599609375,25.297876358032227,,83.80596923828125,,40.348548889160156,10.439404487609863,29.949298858642578,18.852909088134766,20.0145263671875,13.61976432800293,59.79551315307617,26.08254051208496,33.53239440917969,43.17668533325195,51.13862609863281,59.222023010253906,6.462200164794922,,52.970001220703125,33.09000015258789,4.961999893188477,51.24541091918945,75.21858215332031,15.82417106628418,33.69630432128906,158.39901733398438,13.396876335144043,51.283260345458984,16.453784942626953,4.585999965667725,41.51231384277344,13.419380187988281,41.4414176940918,27.31999969482422
2018-04-01,5.556882858276367,43.62877655029297,7.3626389503479,19.593332290649414,38.75485610961914,23.362314224243164,,13.821643829345703,78.30650329589844,31.246000289916992,10.880000114440918,1.7699999809265137,44.83680725097656,24.618576049804688,23.649999618530273,50.48137283325195,23.372175216674805,,85.8719482421875,,40.444740295410156,10.3080472946167,31.296424865722656,18.354488372802734,19.118637084960938,13.239276885986328,57.49779510498047,25.933025360107422,34.90531539916992,45.30947494506836,50.42194747924805,60.960174560546875,8.46660041809082,,53.470001220703125,33.22800064086914,5.117000102996826,53.402095794677734,73.96939086914062,13.736865997314453,33.52560043334961,170.5027313232422,13.650423049926758,54.27570343017578,16.131011962890625,5.242000102996826,41.155887603759766,13.506053924560547,37.5095100402832,28.719999313354492
2018-05-01,6.235024929046631,46.9238166809082,7.565701007843018,18.98200035095215,43.991554260253906,23.152191162109375,,13.661023139953613,81.48100280761719,35.15999984741211,13.729999542236328,2.4100000858306885,56.15814971923828,23.992124557495117,21.09000015258789,54.51659393310547,23.21581268310547,,91.1502456665039,,41.374610900878906,10.280393600463867,30.23101806640625,20.166574478149414,20.52918815612793,11.833818435668945,57.2289924621582,24.34995460510254,33.66010284423828,42.58697509765625,53.77538299560547,63.99972152709961,8.603599548339844,,52.34000015258789,35.52199935913086,8.553000450134277,56.36474609375,81.36534118652344,15.263185501098633,33.3626708984375,190.11056518554688,13.40017032623291,54.3627815246582,16.53635025024414,5.769999980926514,43.085750579833984,13.173818588256836,38.648738861083984,30.389999389648438
2018-06-01,5.857003211975098,42.25693130493164,7.251281261444092,22.863332748413086,43.57722473144531,23.377721786499023,,13.572263717651367,84.98999786376953,39.143001556396484,14.989999771118164,2.365000009536743,51.13619613647461,23.28987693786621,27.5,55.963260650634766,24.429468154907227,,90.93814849853516,,39.01894760131836,10.27766227722168,31.905229568481445,19.672456741333008,20.433881759643555,11.425216674804688,52.662071228027344,25.267425537109375,33.91231155395508,41.83017349243164,55.29498291015625,71.22203826904297,8.627400398254395,,47.25,34.49399948120117,9.380000114440918,57.398536682128906,82.55503845214844,15.588319778442383,34.3330078125,192.62843322753906,13.469098091125488,53.451412200927734,17.13094139099121,8.319999694824219,44.24288558959961,12.901905059814453,42.239288330078125,32.70000076293945
2018-07-01,6.0538010597229,40.888328552246094,6.669045448303223,19.875999450683594,44.79668426513672,25.729677200317383,,13.792484283447266,88.87200164794922,33.744998931884766,18.329999923706055,2.2100000381469727,51.477500915527344,25.512287139892578,26.579999923706055,60.821678161621094,26.79602813720703,,97.82698822021484,,42.3903923034668,10.751155853271484,33.128360748291016,17.980384826660156,20.367244720458984,12.074286460876465,54.435546875,26.323558807373047,33.588863372802734,42.34125518798828,60.33108139038086,68.7460708618164,8.673199653625488,,50.029998779296875,35.19200134277344,8.432000160217285,56.552093505859375,81.43473815917969,14.944849967956543,36.50131607055664,171.07766723632812,14.385882377624512,53.8421516418457,17.425395965576172,8.600000381469727,45.719276428222656,13.504186630249023,40.511253356933594,33.61000061035156
2018-08-01,6.943195819854736,41.419219970703125,6.297066688537598,20.110666275024414,53.77491760253906,26.982027053833008,,13.779541015625,100.635498046875,36.768001556396484,25.170000076293945,2.0510001182556152,51.214195251464844,25.553598403930664,27.829999923706055,61.048667907714844,27.70220184326172,,103.98941802978516,,43.1905517578125,11.287322998046875,34.87972640991211,17.75823402404785,19.765125274658203,12.926681518554688,56.963417053222656,28.443710327148438,37.941368103027344,45.38809585571289,60.377174377441406,73.65547943115234,9.503600120544434,,53.61000061035156,39.27199935913086,14.187999725341797,56.196102142333984,91.53724670410156,12.725763320922852,34.888771057128906,174.20025634765625,14.640536308288574,50.36537170410156,18.61074447631836,12.947999954223633,47.01043701171875,14.120979309082031,39.59877014160156,35.560001373291016
2018-09-01,6.951605319976807,40.44425582885742,6.144289016723633,17.65133285522461,53.32842254638672,28.6391658782959,,14.487070083618164,100.1500015258789,37.41299819946289,30.889999389648438,2.061000108718872,44.1054573059082,24.45677375793457,32.0,59.82353591918945,26.51892852783203,,105.8779067993164,,45.83995056152344,10.48213005065918,34.25102233886719,20.154253005981445,18.446165084838867,12.84307861328125,59.07556915283203,27.86510467529297,38.64030456542969,45.221012115478516,59.15196990966797,75.91356658935547,9.090399742126465,,57.43000030517578,39.125999450683594,15.090999603271484,59.59575271606445,87.0857925415039,12.608016967773438,36.464447021484375,163.02835083007812,13.82060718536377,48.96678161621094,19.566679000854492,11.817999839782715,42.25151824951172,13.409719467163086,37.45130920410156,38.5
2018-10-01,5.215311050415039,40.093597412109375,6.45751953125,22.488000869750977,51.703102111816406,27.982812881469727,,13.497919082641602,79.90049743652344,30.17799949645996,18.209999084472656,1.309999942779541,36.78217315673828,22.82964515686035,32.38999938964844,54.04972457885742,28.71706199645996,,98.87926483154297,,43.59652328491211,10.067618370056152,37.03050994873047,18.255884170532227,15.732931137084961,12.008394241333008,51.914615631103516,29.755220413208008,36.5826530456543,46.007301330566406,53.36796569824219,67.23979187011719,9.206600189208984,,44.06999969482422,36.20800018310547,12.354999542236328,55.85261917114258,83.4671401977539,10.591998100280762,37.798606872558594,150.46864318847656,12.618515014648438,41.24238967895508,18.32904815673828,7.75,42.79011535644531,12.401250839233398,37.35617446899414,36.13999938964844
2018-11-01,4.046820640563965,42.43723678588867,6.362856388092041,23.365333557128906,42.33462142944336,30.274694442749023,,13.744292259216309,84.50849914550781,28.613000869750977,21.299999237060547,1.4900000095367432,37.60129928588867,23.57679557800293,30.719999313354492,54.99484634399414,29.37212371826172,,103.09980010986328,,43.52511978149414,10.250287055969238,39.112632751464844,19.392940521240234,15.445314407348633,11.81153392791748,56.32203674316406,28.974836349487305,38.27785110473633,25.92763328552246,54.243255615234375,67.5112533569336,9.464200019836426,,51.31999969482422,37.05400085449219,14.244999885559082,56.29136276245117,85.07322692871094,10.855661392211914,40.102630615234375,139.385986328125,12.865501403808594,36.2508544921875,17.46346664428711,8.657999992370605,43.98719024658203,12.021246910095215,35.1572380065918,37.66999816894531
2018-12-01,3.3057000637054443,40.388954162597656,5.172778129577637,22.18666648864746,37.394248962402344,28.585113525390625,,12.556405067443848,75.09850311279297,26.766000747680664,18.459999084472656,1.3799999952316284,30.941099166870117,20.569679260253906,24.739999771118164,51.78878402709961,25.78014373779297,,94.4345474243164,,40.30268478393555,8.471921920776367,36.46619415283203,20.989852905273438,15.58481216430664,10.483328819274902,46.05533981323242,27.79042625427246,34.6475715637207,23.342729568481445,51.32795715332031,66.63048553466797,8.6358003616333,,42.38999938964844,35.61000061035156,11.605999946594238,48.28312683105469,83.36798858642578,9.37369155883789,37.675785064697266,129.94882202148438,10.368163108825684,29.317283630371094,15.645905494689941,6.541999816894531,37.34210968017578,9.866369247436523,29.60030746459961,35.34000015258789
2019-01-01,3.5595085620880127,40.552467346191406,6.054050445556641,20.468000411987305,39.45668029785156,28.042064666748047,,13.51693058013916,85.9365005493164,33.95000076293945,24.40999984741211,1.5099999904632568,37.269752502441406,23.766990661621094,28.3799991607666,55.79970932006836,27.688100814819336,,97.09359741210938,,45.01482009887695,9.410086631774902,36.08652114868164,22.14302635192871,17.837343215942383,12.372077941894531,53.79039764404297,28.589975357055664,38.10685729980469,12.777073860168457,55.33066940307617,73.5865249633789,10.59220027923584,,51.43000030517578,44.00400161743164,14.267999649047852,51.88719177246094,87.9979019165039,10.6287202835083,38.29642868041992,165.23898315429688,11.553696632385254,35.923431396484375,16.846498489379883,7.429999828338623,39.99477005004883,11.186308860778809,33.052757263183594,38.150001525878906
2019-02-01,3.8236916065216064,45.867401123046875,6.033411502838135,21.325332641601562,41.223426818847656,28.6365909576416,,13.99357795715332,81.99150085449219,35.810001373291016,23.530000686645508,1.9119999408721924,39.86360168457031,24.400169372558594,28.899999618530273,55.83242416381836,29.278064727783203,,104.60453033447266,,46.71754837036133,10.241642951965332,37.305580139160156,22.729928970336914,19.204259872436523,12.999011039733887,54.42091369628906,29.532730102539062,41.71688461303711,16.737966537475586,55.50661087036133,77.04656982421875,12.15060043334961,,55.529998779296875,47.88800048828125,19.753999710083008,56.57982635498047,97.22795867919922,11.779251098632812,36.07646560668945,160.0445556640625,12.388482093811035,36.21601104736328,15.087674140930176,8.972000122070312,40.796146392822266,12.093305587768555,22.826068878173828,40.119998931884766
2019-03-01,4.450811386108398,46.50830841064453,6.0402913093566895,18.657333374023438,45.22316360473633,28.05527687072754,,14.101496696472168,89.0374984741211,35.65599822998047,25.520000457763672,2.11299991607666,40.30241394042969,23.149953842163086,27.020000457763672,58.327301025390625,30.269901275634766,,110.12283325195312,,48.133506774902344,9.102649688720703,38.75400924682617,25.044208526611328,19.146495819091797,12.332804679870605,47.78790283203125,29.253721237182617,43.50578689575195,17.494766235351562,58.15278625488281,75.87523651123047,14.206199645996094,,54.959999084472656,49.29800033569336,19.795000076293945,57.847023010253906,102.94841003417969,11.770121574401855,37.61139678955078,165.23898315429688,11.156939506530762,35.813236236572266,14.98417854309082,11.612000465393066,39.51232147216797,10.52762508392334,22.731401443481445,38.380001068115234
2019-04-01,4.486504554748535,44.20454406738281,7.304518699645996,15.912667274475098,47.775360107421875,26.826581954956055,,14.218032836914062,96.32599639892578,37.05400085449219,27.6299991607666,2.242000102996826,41.01426696777344,25.65877914428711,30.899999618530273,59.421104431152344,33.13028335571289,,121.9437255859375,,49.807373046875,9.992813110351562,37.86870193481445,26.51749610900879,24.156312942504883,12.636529922485352,51.688568115234375,30.84642791748047,45.370643615722656,22.133825302124023,58.9046516418457,79.13695526123047,13.7608003616333,,56.38999938964844,54.301998138427734,22.148000717163086,57.47474670410156,111.80174255371094,11.28257942199707,39.377193450927734,191.71641540527344,12.432014465332031,35.08167266845703,15.3851900100708,14.312000274658203,39.58591842651367,11.554346084594727,23.142168045043945,37.119998931884766
2019-05-01,3.361522912979126,38.37559127807617,6.654452323913574,12.343999862670898,41.841060638427734,27.670978546142578,,14.043526649475098,88.75350189208984,34.327999114990234,27.40999984741211,1.899999976158142,31.799219131469727,22.319271087646484,27.260000228881836,54.83873748779297,31.204734802246094,,115.90985870361328,,45.54949188232422,9.081113815307617,35.988182067871094,20.957481384277344,21.53020668029785,10.966046333312988,48.693321228027344,30.588136672973633,42.191864013671875,16.806766510009766,54.6992301940918,69.6984634399414,13.199399948120117,40.40999984741211,54.709999084472656,52.38600158691406,19.881000518798828,51.24702453613281,108.80767059326172,8.899580955505371,39.433372497558594,175.9250946044922,11.43040657043457,28.51414680480957,14.405786514282227,11.576000213623047,36.633052825927734,10.289545059204102,19.522607803344727,38.40999984741211
2019-06-01,4.075467586517334,41.712982177734375,7.150739669799805,14.897333145141602,47.3021125793457,28.870590209960938,,15.3890962600708,94.68150329589844,36.731998443603516,30.3700008392334,1.934999942779541,37.630550384521484,24.464527130126953,30.700000762939453,53.664146423339844,32.1789436340332,,125.54400634765625,,51.28367233276367,10.02553653717041,37.828983306884766,24.203866958618164,23.0460147857666,12.044597625732422,44.279632568359375,33.31707000732422,44.38132095336914,22.526962280273438,53.57316207885742,75.85153198242188,14.657600402832031,46.380001068115234,53.630001068115234,54.91400146484375,22.777999877929688,55.49045944213867,113.47723388671875,10.64100456237793,41.18914031982422,191.31991577148438,12.704426765441895,33.13187789916992,16.163076400756836,12.517999649047852,39.068660736083984,11.226302146911621,21.916162490844727,42.97999954223633
2019-07-01,4.186890602111816,44.04827117919922,6.7608642578125,16.107332229614258,50.915733337402344,25.884883880615234,,15.951570510864258,93.33899688720703,32.29899978637695,30.450000762939453,1.8309999704360962,43.77391052246094,25.881786346435547,30.309999465942383,60.3746452331543,33.01865005493164,,127.7088851928711,,50.88569641113281,10.337475776672363,36.982601165771484,24.382965087890625,25.414260864257812,11.577315330505371,44.92646408081055,33.28390121459961,45.208160400390625,17.81910514831543,60.30233383178711,77.73088073730469,15.910599708557129,42.13999938964844,49.439998626708984,55.47800064086914,26.33099937438965,53.84666442871094,109.45209503173828,10.182772636413574,42.57236099243164,192.5392303466797,13.148187637329102,33.32362747192383,16.357439041137695,12.711999893188477,39.968589782714844,11.97021484375,22.601037979125977,42.459999084472656
2019-08-01,4.160977840423584,41.59107208251953,6.505473613739014,15.040666580200195,50.077598571777344,23.91393280029297,,16.51842498779297,88.81449890136719,29.375,31.450000762939453,1.8899999856948853,44.144447326660156,23.207557678222656,27.600000381469727,59.00331115722656,33.85233688354492,,129.62924194335938,,47.053466796875,9.612039566040039,38.91636276245117,23.76495361328125,23.19801139831543,11.13420295715332,42.391380310058594,34.62347412109375,38.198429107666016,10.270804405212402,58.88582229614258,76.54570007324219,16.768400192260742,32.56999969482422,50.75,52.36800003051758,24.57699966430664,50.20533752441406,108.11368560791016,8.461092948913574,44.521793365478516,184.0537109375,12.020485877990723,27.03740882873535,14.219468116760254,16.23200035095215,38.88230895996094,10.985846519470215,18.303466796875,42.72999954223633
2019-09-01,4.323928356170654,45.20539855957031,6.498378276824951,16.058000564575195,53.73133087158203,24.1695499420166,,17.727087020874023,86.79550170898438,26.761999130249023,28.989999771118164,1.9199999570846558,41.78462600708008,24.770130157470703,26.6299991607666,60.520347595214844,34.47951889038086,,130.72935485839844,,49.73784255981445,10.458338737487793,40.3884391784668,23.426136016845703,24.165803909301758,12.314921379089355,42.035552978515625,35.96283721923828,40.32011795043945,9.828518867492676,60.417320251464844,85.0789566040039,16.80940055847168,30.469999313354492,51.77000045776367,50.77000045776367,18.7549991607666,51.76692581176758,102.70055389404297,8.810955047607422,44.358428955078125,176.52978515625,12.918399810791016,28.934181213378906,14.834105491638184,13.199999809265137,42.11347579956055,12.0165433883667,20.03554916381836,40.689998626708984
2019-10-01,4.993372440338135,49.59172439575195,6.1940131187438965,20.994667053222656,59.67856216430664,25.810901641845703,,18.362417221069336,88.83300018310547,28.740999221801758,33.93000030517578,2.068000078201294,46.367767333984375,26.553375244140625,26.959999084472656,62.38679885864258,34.44108200073242,,134.81027221679688,,49.46943664550781,10.355733871459961,40.883056640625,24.850013732910156,23.666353225708008,13.321551322937012,41.2469596862793,35.53253936767578,39.06330490112305,6.06419563293457,62.45486068725586,81.12032318115234,15.563199996948242,31.5,50.7599983215332,49.45199966430664,20.079999923706055,49.538177490234375,103.2061767578125,9.091861724853516,44.350276947021484,189.98165893554688,13.012535095214844,27.68094825744629,13.618843078613281,16.215999603271484,43.107025146484375,12.229225158691406,23.1877384185791,41.70000076293945
2019-11-01,5.387832164764404,51.2054328918457,6.532919406890869,21.996000289916992,64.30687713623047,26.1622257232666,,17.832870483398438,90.04000091552734,31.465999603271484,39.150001525878906,2.130000114440918,46.32876968383789,28.294164657592773,32.939998626708984,64.63140106201172,33.92624282836914,,142.82638549804688,,50.967403411865234,10.912734031677246,40.727561950683594,26.83224868774414,25.587614059448242,12.850708961486816,43.85519027709961,36.08708190917969,37.25444030761719,7.332075119018555,64.67774963378906,84.910400390625,16.278400421142578,29.600000381469727,53.63999938964844,56.608001708984375,26.333999633789062,50.55110549926758,107.0826187133789,10.536190032958984,43.83603286743164,199.88470458984375,14.040793418884277,30.653127670288086,15.743597030639648,19.06399917602539,45.9050178527832,12.639395713806152,22.14118003845215,43.25
2019-12-01,5.849206447601318,52.79319763183594,6.7059760093688965,27.8886661529541,70.65935516357422,26.610483169555664,,18.643884658813477,92.39199829101562,32.356998443603516,45.86000061035156,2.4019999504089355,52.44287109375,30.07086944580078,32.7400016784668,66.38088989257812,34.55636215209961,,148.78927612304688,,48.09855270385742,11.161120414733887,41.5118293762207,27.087753295898438,25.830463409423828,12.973031997680664,49.44895935058594,36.172855377197266,39.43330001831055,10.683599472045898,66.26675415039062,92.01278686523438,16.74220085144043,29.739999771118164,58.40999984741211,56.4640007019043,25.97800064086914,51.7753791809082,107.24124145507812,12.147171020507812,45.436790466308594,203.46327209472656,14.797484397888184,34.51483917236328,16.2518310546875,18.40999984741211,45.34868621826172,13.156634330749512,23.32447052001953,45.220001220703125
2020-01-01,5.877294540405273,56.392127990722656,6.468021869659424,43.371334075927734,74.4756851196289,25.551233291625977,,18.266801834106445,100.43599700927734,34.50899887084961,47.0,2.7960000038146973,51.77003860473633,28.0302734375,29.260000228881836,71.00934600830078,33.34531784057617,,160.61122131347656,,47.8293342590332,10.043526649475098,40.60490798950195,26.15688705444336,23.379676818847656,11.394350051879883,42.34730529785156,34.84878921508789,38.074954986572266,14.949176788330078,71.08476257324219,87.46253204345703,17.3351993560791,36.290000915527344,53.849998474121094,67.64600372314453,26.917999267578125,46.09181213378906,112.91212463378906,10.315073013305664,47.94053649902344,200.15234375,13.678900718688965,28.77094078063965,16.86077880859375,15.850000381469727,39.566307067871094,11.937579154968262,21.197460174560547,41.869998931884766
2020-02-01,6.7175517082214355,49.21492004394531,5.10401725769043,44.53266525268555,65.9332046508789,22.93024444580078,,17.101459503173828,94.1875,36.90299987792969,45.47999954223633,2.5380001068115234,51.253204345703125,24.33331871032715,25.700000762939453,66.37394714355469,31.21442222595215,,153.2731475830078,,45.102745056152344,9.081361770629883,36.998016357421875,23.367708206176758,20.714942932128906,10.461860656738281,32.93081283569336,32.775943756103516,33.072296142578125,15.234203338623047,66.3812484741211,81.40282440185547,15.471599578857422,33.869998931884766,37.2599983215332,65.21800231933594,28.725000381469727,38.71540451049805,107.06278228759766,9.25568675994873,43.909912109375,190.79452514648438,11.953500747680664,23.602432250976562,16.44163703918457,16.582000732421875,34.80035400390625,10.365836143493652,17.981544494628906,37.38999938964844
2020-03-01,6.556620121002197,47.97391128540039,3.542011022567749,34.93333435058594,61.3336067199707,22.395063400268555,,14.154105186462402,97.48600006103516,37.54999923706055,45.47999954223633,2.128000020980835,41.01426696777344,18.241844177246094,19.440000534057617,57.58686447143555,26.716596603393555,,149.2051239013672,,44.072296142578125,6.186525821685791,36.70428466796875,20.668548583984375,22.00840187072754,8.028995513916016,12.961709976196289,34.73699951171875,32.558780670166016,8.83583927154541,57.63237380981445,75.35543823242188,13.088000297546387,27.920000076293945,10.960000038146973,57.316001892089844,19.299999237060547,28.57745933532715,94.91796875,6.272678375244141,36.64337158203125,165.3479766845703,7.668283462524414,11.753296852111816,13.857678413391113,11.017999649047852,24.44969940185547,6.951386451721191,18.26861572265625,32.630001068115234
2020-04-01,7.26999044418335,53.168418884277344,3.7326788902282715,52.12533187866211,70.86321258544922,26.319690704345703,,15.141610145568848,123.69999694824219,41.98500061035156,52.38999938964844,2.2899999618530273,46.699317932128906,20.664928436279297,22.420000076293945,66.74317169189453,29.242162704467773,,169.545654296875,,48.532989501953125,6.962666988372803,39.667572021484375,23.677732467651367,26.077816009521484,8.318403244018555,15.648531913757324,37.161434173583984,35.434322357177734,10.45754337310791,66.84365844726562,79.39917755126953,17.570999145507812,30.270000457763672,16.399999618530273,70.30799865722656,29.257999420166016,34.974830627441406,121.94390869140625,8.205591201782227,38.00145721435547,202.927978515625,8.614803314208984,14.654592514038086,12.380908966064453,16.02199935913086,24.74786949157715,8.330815315246582,22.39640998840332,37.47999954223633
2020-05-01,8.83054256439209,56.098514556884766,4.187347412109375,55.66666793823242,76.89329528808594,26.464189529418945,,15.335415840148926,122.11849975585938,41.972999572753906,53.79999923706055,2.5959999561309814,46.71883010864258,20.725072860717773,21.75,71.0460205078125,30.773048400878906,,173.85064697265625,,49.26597595214844,6.6989312171936035,39.61922836303711,25.39067268371582,31.81220817565918,8.028995513916016,15.491063117980957,38.09565734863281,39.98276138305664,11.656620979309082,70.82157135009766,90.00566864013672,20.07819938659668,36.31999969482422,15.65999984741211,77.58599853515625,31.1560001373291,34.885746002197266,153.67906188964844,8.428621292114258,38.6556510925293,223.13055419921875,8.762697219848633,16.092172622680664,12.085556030273438,18.59600067138672,23.008134841918945,8.764792442321777,22.793617248535156,37.9900016784668
2020-06-01,9.453958511352539,53.335044860839844,4.458680152893066,71.98733520507812,88.22631072998047,22.659832000732422,,15.022345542907715,137.9409942626953,45.50400161743164,52.61000061035156,2.8389999866485596,50.23905944824219,20.549470901489258,21.100000381469727,70.2793197631836,30.471220016479492,,193.07147216796875,,50.64033508300781,6.914446830749512,38.065670013427734,27.7958927154541,34.1917839050293,8.129707336425781,16.160310745239258,36.78137969970703,38.996150970458984,8.7178955078125,70.06278228759766,89.52178955078125,21.047199249267578,31.079999923706055,16.43000030517578,81.01200103759766,40.650001525878906,34.310325622558594,172.73402404785156,10.751836776733398,37.335594177246094,225.09332275390625,9.149560928344727,16.131887435913086,14.049647331237793,24.040000915527344,22.25191879272461,8.727439880371094,23.855873107910156,35.11000061035156
2020-07-01,10.565804481506348,42.548580169677734,4.847349643707275,95.38400268554688,102.79523468017578,26.925762176513672,,15.039266586303711,158.23399353027344,48.88800048828125,77.43000030517578,3.0309998989105225,48.81536865234375,21.527196884155273,21.100000381469727,73.74360656738281,33.457366943359375,,194.49453735351562,,51.02004623413086,7.090367794036865,40.133968353271484,27.896286010742188,35.62294387817383,8.246681213378906,13.660480499267578,39.735435485839844,39.690982818603516,9.189664840698242,73.49996185302734,89.12006378173828,23.103200912475586,30.260000228881836,13.640000343322754,87.83999633789062,45.13199996948242,32.284847259521484,194.3865203857422,12.00637149810791,39.474788665771484,251.46176147460938,9.021858215332031,15.912585258483887,14.170554161071777,30.989999771118164,21.0871639251709,8.523378372192383,25.71855926513672,38.56999969482422
2020-08-01,13.31282901763916,45.72748565673828,5.001348972320557,166.10667419433594,125.05752563476562,26.442951202392578,,15.156204223632812,172.54800415039062,52.95600128173828,90.81999969482422,2.739000082015991,44.37849044799805,22.271303176879883,22.06999969482422,80.7603759765625,35.02861022949219,,214.47923278808594,,52.64863967895508,7.197449684143066,41.383792877197266,30.573623657226562,37.87928771972656,8.079575538635254,16.2193603515625,42.81256866455078,35.57863235473633,9.101207733154297,80.99488830566406,102.38430786132812,26.20560073852539,33.630001068115234,17.110000610351562,96.40399932861328,48.130001068115234,31.24750518798828,202.38723754882812,14.506150245666504,41.38835906982422,290.64764404296875,9.390772819519043,16.67575454711914,15.75849723815918,43.19200134277344,21.077938079833984,9.072769165039062,26.512624740600586,41.02000045776367
2020-09-01,13.472142219543457,46.472408294677734,4.884016036987305,143.00332641601562,112.23583984375,25.680233001708984,9.5,14.495248794555664,157.43649291992188,50.00299835205078,81.98999786376953,2.640000104904175,45.792449951171875,20.988849639892578,21.770000457763672,72.63592529296875,36.162105560302734,,200.0240478515625,,54.930519104003906,7.120689392089844,41.537410736083984,32.37832260131836,38.77792739868164,7.928119659423828,14.939920425415039,43.1394157409668,33.19379425048828,9.228981018066406,72.83780670166016,114.87464904785156,24.87420082092285,36.47999954223633,17.110000610351562,97.0,51.87799835205078,26.85845947265625,195.33828735351562,14.534028053283691,41.58860778808594,259.6201477050781,9.093502044677734,13.739729881286621,15.448491096496582,44.61199951171875,20.51935386657715,9.16977596282959,22.661333084106445,38.209999084472656
2020-10-01,12.479938507080078,39.74117660522461,5.6686859130859375,129.34666442871094,105.5003433227539,24.826562881469727,10.130000114440918,14.074141502380371,151.8074951171875,47.57400131225586,75.29000091552734,2.2720000743865967,49.088401794433594,20.649057388305664,20.239999771118164,80.09526062011719,33.18623352050781,,192.54916381835938,,51.83636474609375,8.1068696975708,40.21551513671875,31.07277488708496,36.690433502197266,7.310454845428467,13.493169784545898,42.781742095947266,30.531829833984375,9.396062850952148,80.3421401977539,109.87852478027344,24.029600143432617,33.40999984741211,16.6299991607666,99.51399993896484,56.64500045776367,25.520620346069336,184.53187561035156,16.11381721496582,40.485084533691406,260.8195495605469,9.893851280212402,13.192255973815918,14.610577583312988,37.06999969482422,18.721399307250977,10.577452659606934,23.145584106445312,34.27000045776367
2020-11-01,13.343694686889648,43.709625244140625,6.658689498901367,189.1999969482422,115.57492065429688,28.54494857788086,27.110000610351562,14.975261688232422,158.40199279785156,49.06999969482422,92.66000366210938,2.821000099182129,62.49654006958008,24.534914016723633,26.90999984741211,86.9489974975586,39.47150421142578,,204.1137237548828,,53.32374572753906,9.380364418029785,42.628875732421875,35.68973922729492,45.278594970703125,9.341134071350098,19.66400718688965,47.11078643798828,36.587158203125,12.482217788696289,87.26759338378906,123.25646209716797,25.78860092163086,49.65999984741211,22.8700008392334,106.91000366210938,90.10700225830078,30.551158905029297,212.2815399169922,21.73598861694336,43.807945251464844,274.5589294433594,11.919233322143555,18.3579044342041,17.840198516845703,50.04199981689453,23.980478286743164,12.144189834594727,25.22190284729004,33.150001525878906
2020-12-01,13.002532958984375,45.03853988647461,6.4460225105285645,235.22332763671875,128.8167266845703,27.42729377746582,23.549999237060547,14.980475425720215,162.84649658203125,54.073001861572266,91.70999908447266,3.1659998893737793,73.31080627441406,26.57272720336914,30.09000015258789,86.86178588867188,41.16852951049805,,212.07542419433594,,59.762874603271484,9.92637825012207,41.45748519897461,39.2447395324707,46.56041717529297,10.127091407775879,21.31743621826172,44.60922622680664,38.058475494384766,12.246333122253418,86.82845306396484,129.71176147460938,27.73419952392578,51.0,25.43000030517578,110.08599853515625,80.0999984741211,33.026973724365234,232.1891326904297,24.180009841918945,46.55868148803711,270.7820739746094,12.651657104492188,19.392837524414062,20.16936683654785,47.90800094604492,26.461814880371094,12.944271087646484,26.53890037536621,35.95000076293945
2021-01-01,12.937542915344238,50.18244934082031,7.722025394439697,264.510009765625,128.10804748535156,27.040245056152344,35.18000030517578,15.264114379882812,160.30999755859375,53.23899841308594,85.63999938964844,3.0999999046325684,76.32398223876953,25.994110107421875,41.41999816894531,90.56492614746094,39.12325668334961,,221.1717071533203,,56.04095458984375,10.39793872833252,39.04844665527344,40.378562927246094,50.39964294433594,10.545849800109863,18.374723434448242,43.47658920288086,38.22138214111328,11.233996391296387,90.98482513427734,122.48670959472656,29.600000381469727,50.93000030517578,22.649999618530273,108.63200378417969,76.5989990234375,35.927459716796875,232.2981719970703,25.007078170776367,40.87892532348633,256.0812072753906,12.9985933303833,19.730409622192383,19.964309692382812,52.237998962402344,26.198780059814453,13.658936500549316,25.65834617614746,35.439998626708984
2021-02-01,13.659381866455078,55.28017807006836,8.58002758026123,225.1666717529297,117.89630889892578,25.225008010864258,23.899999618530273,14.869580268859863,154.64649963378906,53.8849983215332,84.51000213623047,3.263000011444092,89.25430297851562,30.430212020874023,53.029998779296875,100.20693969726562,41.609413146972656,,222.0824737548828,,59.82463836669922,12.056264877319336,39.44071960449219,42.114715576171875,47.2851676940918,12.443076133728027,26.326934814453125,40.20555877685547,38.47001647949219,10.329774856567383,100.95292663574219,123.82904815673828,28.84000015258789,51.75,29.559999465942383,106.69200134277344,80.53900146484375,44.30303955078125,257.618896484375,31.51207733154297,41.59208297729492,255.37734985351562,15.527383804321289,24.910364151000977,23.7619571685791,56.70000076293945,31.81420135498047,16.565771102905273,27.85588836669922,38.779998779296875
2021-03-01,13.299188613891602,58.20880889892578,8.983363151550293,222.64332580566406,118.76164245605469,27.288808822631836,23.290000915527344,16.138479232788086,154.70399475097656,52.16600036621094,78.5,3.9059998989105225,86.016845703125,34.08794403076172,43.459999084472656,102.21959686279297,42.70647048950195,,225.32223510742188,,65.07354736328125,12.471111297607422,41.473365783691406,41.88296127319336,47.97074508666992,13.561394691467285,26.120258331298828,42.20999526977539,44.33440017700195,11.509194374084473,102.52754211425781,122.09260559082031,28.416400909423828,54.5099983215332,27.59000015258789,100.02200317382812,65.16600036621094,45.49272537231445,240.75494384765625,30.601383209228516,45.12281036376953,291.96612548828125,15.546839714050293,24.267751693725586,26.210784912109375,52.47999954223633,34.36498260498047,16.71328353881836,30.94093894958496,38.650001525878906
2021-04-01,14.954334259033203,52.32426452636719,8.462692260742188,236.47999572753906,127.81336212158203,29.111570358276367,23.040000915527344,17.127517700195312,173.37100219726562,51.34700012207031,81.62000274658203,3.7019999027252197,83.93003845214844,35.709075927734375,37.65999984741211,116.6407241821289,44.51964569091797,,241.0050811767578,,70.58944702148438,12.153778076171875,41.66004180908203,41.20908737182617,44.33124542236328,13.802639961242676,27.517797470092773,43.47787094116211,43.961421966552734,11.125883102416992,119.45282745361328,121.84452819824219,29.840599060058594,54.77000045776367,31.049999237060547,101.27400207519531,72.93099975585938,46.64165115356445,260.0379638671875,35.121456146240234,46.209991455078125,322.2501525878906,16.931894302368164,24.142793655395508,28.1590518951416,57.051998138427734,39.624839782714844,17.635507583618164,31.93878173828125,43.599998474121094
2021-05-01,16.184795379638672,52.271339416503906,10.655367851257324,208.4066619873047,121.3591537475586,29.459278106689453,22.950000762939453,16.047847747802734,161.15350341796875,50.28099822998047,80.08000183105469,3.4739999771118164,82.04805755615234,37.347835540771484,32.11000061035156,116.8067398071289,45.46316146850586,,239.1668701171875,,73.3370361328125,12.582176208496094,40.722896575927734,42.6661262512207,47.361175537109375,13.750944137573242,29.092493057250977,44.31000900268555,45.679813385009766,9.966118812561035,119.52418518066406,125.62551879882812,27.439599990844727,50.83000183105469,31.899999618530273,94.7760009765625,58.81399917602539,48.255313873291016,257.78741455078125,39.78756332397461,47.331443786621094,325.86834716796875,18.071556091308594,27.962800979614258,24.130434036254883,53.018001556396484,41.1833610534668,18.937944412231445,34.02594757080078,42.54999923706055
2021-06-01,19.933551788330078,51.37452697753906,10.897368431091309,226.56666564941406,133.38697814941406,29.786340713500977,26.360000610351562,15.693411827087402,172.00799560546875,52.82099914550781,93.93000030517578,3.5179998874664307,82.8671646118164,36.47873306274414,30.68000030517578,121.01641082763672,45.209442138671875,,259.4933166503906,,72.4988021850586,11.439453125,40.39127731323242,43.410701751708984,57.196231842041016,12.658585548400879,25.943103790283203,43.99490737915039,45.766170501708984,9.99560546875,124.22078704833984,142.22401428222656,31.006799697875977,50.119998931884766,29.40999984741211,109.91000366210938,77.36000061035156,52.14913558959961,288.97735595703125,34.56264877319336,46.670310974121094,344.68316650390625,16.19694709777832,28.684160232543945,25.082223892211914,60.36399841308594,39.92283248901367,16.434539794921875,31.832494735717773,42.7599983215332
2021-07-01,19.431787490844727,49.15995788574219,10.230031967163086,229.06666564941406,142.05477905273438,32.857582092285156,21.709999084472656,15.668224334716797,166.37950134277344,51.75699996948242,106.19000244140625,3.803999900817871,75.65115356445312,33.9394645690918,29.010000228881836,133.5423583984375,46.84500503540039,,272.91339111328125,35.150001525878906,81.46005249023438,11.287140846252441,40.66279602050781,44.18999099731445,59.396728515625,12.589129447937012,21.307594299316406,44.472232818603516,48.14603805541992,8.63926887512207,134.03921508789062,154.2102813720703,37.268798828125,43.459999084472656,24.030000686645508,117.5780029296875,81.91000366210938,47.59394073486328,273.1642761230469,35.559326171875,49.1888427734375,353.1983642578125,15.420433044433594,25.834562301635742,23.985553741455078,67.51200103759766,40.49580001831055,15.67715072631836,30.02932357788086,45.599998474121094
2021-08-01,22.31177520751953,49.792564392089844,9.555364608764648,245.24000549316406,148.09059143066406,35.35968780517578,26.34000015258789,15.316313743591309,173.5395050048828,56.91899871826172,110.72000122070312,3.6540000438690186,71.86760711669922,36.938804626464844,28.84000015258789,143.42572021484375,48.318111419677734,,289.7225036621094,44.31999969482422,83.32032775878906,12.449520111083984,40.09418487548828,45.26514434814453,60.0642204284668,13.422614097595215,23.75821304321289,46.37373733520508,51.319847106933594,9.012751579284668,144.19070434570312,151.9104461669922,38.06660079956055,39.13999938964844,25.84000015258789,128.72799682617188,80.05000305175781,45.754669189453125,286.1815185546875,33.96335983276367,48.56783676147461,376.07745361328125,16.080520629882812,25.238204956054688,24.708358764648438,65.61199951171875,40.45957946777344,16.638141632080078,28.408061981201172,45.150001525878906
2021-09-01,20.64822769165039,49.07413864135742,10.384035110473633,258.49334716796875,138.01499938964844,33.01108169555664,24.040000915527344,15.087299346923828,164.2519989013672,61.034000396728516,102.9000015258789,3.6570000648498535,69.31198120117188,37.7505989074707,25.3799991607666,132.50106811523438,44.53580093383789,,270.5662841796875,42.08000183105469,81.45067596435547,12.517094612121582,39.37248611450195,44.47072982788086,59.200416564941406,12.474181175231934,24.61445426940918,43.64328384399414,47.32867431640625,9.435379028320312,132.10079956054688,133.91986083984375,36.350399017333984,44.79999923706055,26.709999084472656,124.4540023803711,70.30000305175781,49.36333465576172,257.9757995605469,30.360759735107422,45.597354888916016,336.4355773925781,17.109289169311523,26.678327560424805,22.879676818847656,60.30799865722656,41.08816909790039,17.502620697021484,29.063203811645508,43.38999938964844
2021-10-01,25.48336410522461,45.13199996948242,12.525372505187988,371.3333435058594,146.11061096191406,33.571372985839844,25.8799991607666,14.474685668945312,168.6215057373047,69.03099822998047,120.2300033569336,3.5390000343322754,67.47615814208984,42.49055480957031,23.440000534057617,146.74478149414062,41.13365936279297,,318.2647705078125,34.970001220703125,89.99842071533203,12.743791580200195,39.087684631347656,48.757049560546875,67.30306243896484,12.824334144592285,21.80953025817871,46.78704833984375,48.99653244018555,11.401081085205078,146.97462463378906,154.2618408203125,35.58060073852539,43.81999969482422,25.719999313354492,139.552001953125,74.91000366210938,54.10498046875,230.59295654296875,35.27853775024414,48.98652267456055,320.7533264160156,18.4150390625,29.036531448364258,25.363323211669922,60.63600158691406,45.29349136352539,19.449186325073242,28.329130172729492,43.130001068115234
2021-11-01,32.56911087036133,45.63134765625,14.143573760986328,381.586669921875,161.46414184570312,41.600894927978516,20.649999618530273,13.082226753234863,175.35350036621094,64.19000244140625,158.3699951171875,4.139999866485596,82.02603149414062,39.54698181152344,23.270000457763672,140.65032958984375,39.97395324707031,,317.856689453125,25.940000534057617,85.12044525146484,12.015115737915039,37.081295013427734,50.77548599243164,69.9263916015625,12.561720848083496,17.341331481933594,44.03469467163086,48.00732421875,11.676281929016113,141.20701599121094,156.0600128173828,32.86819839477539,38.0,19.510000228881836,129.5399932861328,103.41999816894531,50.89426803588867,183.30250549316406,34.67995834350586,45.933441162109375,321.6355285644531,17.910722732543945,25.923540115356445,29.502731323242188,56.08399963378906,42.464393615722656,18.68534278869629,26.829051971435547,38.06999969482422
2021-12-01,29.318374633789062,47.764522552490234,15.308074951171875,352.260009765625,173.44944763183594,45.719947814941406,18.209999084472656,14.096485137939453,166.7169952392578,60.24399948120117,143.89999389648438,4.394999980926514,91.05797576904297,39.75520324707031,23.540000915527344,143.578857421875,40.253883361816406,,323.3660583496094,17.760000228881836,81.80907440185547,12.611811637878418,38.32790756225586,61.41209030151367,85.96125793457031,13.911911964416504,19.801794052124023,45.48838424682617,55.47454833984375,11.9318208694458,143.4150390625,153.96636962890625,34.96500015258789,41.93000030517578,20.739999771118164,129.82200622558594,91.63999938964844,52.04244613647461,186.96083068847656,39.02898025512695,51.85355758666992,333.4220275878906,18.461454391479492,27.071474075317383,31.716064453125,46.358001708984375,42.64214324951172,18.043560028076172,28.657033920288086,42.47999954223633
2022-01-01,24.408893585205078,45.278907775878906,15.038597106933594,312.239990234375,170.72415161132812,41.105838775634766,13.710000038146973,15.00794506072998,149.57350158691406,42.7140007019043,114.25,4.052000045776367,80.42233276367188,41.2296028137207,27.90999984741211,134.11428833007812,40.17991638183594,,299.0020751953125,14.149999618530273,76.41657257080078,12.317370414733887,39.7377815246582,54.07209777832031,70.20246887207031,14.40593147277832,19.496694564819336,43.95418930053711,49.02109146118164,12.570672988891602,134.51254272460938,136.78407287597656,29.711599349975586,37.400001525878906,20.829999923706055,117.15599822998047,69.54000091552734,64.60441589355469,170.4636993408203,34.92694091796875,53.42991638183594,310.5330505371094,20.001901626586914,35.31494903564453,30.924638748168945,32.4119987487793,47.81465530395508,18.987119674682617,28.57720947265625,42.900001525878906
2022-02-01,24.308204650878906,44.57715606689453,13.008757591247559,290.1433410644531,161.49380493164062,36.62000274658203,11.850000381469727,13.94267463684082,153.56300354003906,39.45199966430664,123.33999633789062,3.928999900817871,86.86434936523438,39.496070861816406,28.049999237060547,133.8699493408203,37.58377456665039,,287.8755187988281,12.010000228881836,71.52991485595703,12.693598747253418,40.06625747680664,54.216087341308594,67.18396759033203,14.044238090515137,20.00847053527832,42.49230194091797,49.1091423034668,11.175025939941406,133.71212768554688,126.14210510253906,30.466999053955078,36.029998779296875,19.489999771118164,115.98400115966797,85.31999969482422,67.43605041503906,110.96896362304688,44.0574836730957,54.50710678100586,209.19296264648438,20.165306091308594,35.57904815673828,28.929227828979492,30.0939998626709,47.645469665527344,20.021730422973633,31.307212829589844,44.16999816894531
2022-03-01,27.2047061920166,46.31538391113281,12.527226448059082,359.20001220703125,170.77540588378906,40.38810729980469,13.729999542236328,13.90736198425293,162.99749755859375,37.45899963378906,109.33999633789062,3.806999921798706,76.14070129394531,37.01329803466797,24.920000076293945,137.84523010253906,37.63200378417969,,297.04779052734375,13.510000228881836,77.89482879638672,12.078838348388672,38.02823257446289,58.507476806640625,70.50727081298828,14.85001277923584,19.900209426879883,46.99932098388672,49.100337982177734,11.735251426696777,138.42901611328125,124.58744049072266,31.640600204467773,35.68000030517578,21.8799991607666,111.37799835205078,69.25,71.02198028564453,114.65702819824219,46.675594329833984,54.712554931640625,220.42433166503906,18.0015811920166,37.45591735839844,30.778385162353516,23.857999801635742,43.26211929321289,18.56487464904785,31.775821685791016,44.290000915527344
2022-04-01,18.491744995117188,40.736228942871094,10.559769630432129,290.2533264160156,154.1878662109375,38.28171157836914,10.399999618530273,14.908280372619629,124.28150177001953,19.035999298095703,85.5199966430664,4.210000038146973,66.74964904785156,32.03868103027344,18.149999618530273,113.10655975341797,32.1378288269043,,267.3824768066406,9.805000305175781,69.38047790527344,10.864341735839844,34.985206604003906,51.51181411743164,57.15744400024414,13.694719314575195,17.026391983032227,48.283817291259766,43.42546463012695,12.433075904846191,113.96174621582031,115.45819854736328,29.112199783325195,31.479999542236328,20.030000686645508,95.62000274658203,58.91999816894531,73.30941009521484,87.1750259399414,38.171058654785156,57.01578140258789,198.72488403320312,15.532197952270508,35.37051010131836,31.058181762695312,11.592000007629395,38.95018768310547,17.280515670776367,34.389522552490234,42.11000061035156
2022-05-01,18.616371154785156,41.840023040771484,10.201814651489258,252.75332641601562,145.78521728515625,41.71633529663086,8.680000305175781,16.829124450683594,120.20950317382812,19.743999481201172,101.86000061035156,5.00600004196167,72.2802963256836,33.403564453125,18.450000762939453,112.7621078491211,35.791316986083984,,262.5490417480469,10.0600004196167,67.98152923583984,11.467459678649902,38.75575256347656,53.90346908569336,58.210445404052734,13.863569259643555,13.660480499267578,40.74333953857422,39.94113540649414,11.990791320800781,113.0423355102539,110.04174041748047,28.051000595092773,23.200000762939453,16.010000228881836,93.49400329589844,52.04999923706055,83.39932250976562,84.47837829589844,36.78730773925781,55.93034744262695,191.95436096191406,16.2137451171875,41.823909759521484,32.93202209472656,5.888000011444092,41.08403396606445,18.423093795776367,30.826557159423828,41.0099983215332
2022-06-01,15.117033958435059,35.2371826171875,8.30016040802002,224.47332763671875,133.91397094726562,41.236568450927734,9.069999694824219,16.568267822265625,106.20999908447266,17.48699951171875,76.47000122070312,4.034999847412109,54.112335205078125,28.114030838012695,13.420000076293945,108.00528717041016,31.71751594543457,,248.024658203125,8.220000267028809,66.04378509521484,10.063404083251953,38.347713470458984,45.51384735107422,42.838558197021484,11.881155967712402,8.513195991516113,38.51026153564453,37.8044319152832,9.80886173248291,108.4166259765625,94.86017608642578,26.145200729370117,20.459999084472656,11.119999885559082,95.10399627685547,41.88999938964844,74.39913940429688,69.24034881591797,27.54340934753418,55.91667938232422,159.8462677001953,13.996135711669922,32.54184341430664,27.970752716064453,4.515999794006348,35.15974426269531,15.761523246765137,31.079174041748047,37.27000045776367
2022-07-01,18.112714767456055,34.20106887817383,10.955016136169434,297.1499938964844,159.1746826171875,40.03472137451172,10.350000381469727,15.042767524719238,134.9499969482422,22.489999771118164,94.47000122070312,5.401000022888184,60.67190170288086,30.534385681152344,15.0,115.2976303100586,30.53184700012207,,271.11492919921875,9.050000190734863,73.90638732910156,11.117424964904785,35.3411865234375,50.16726303100586,54.87069320678711,12.759248733520508,8.916712760925293,41.826622009277344,40.58689498901367,10.6737699508667,115.62062072753906,106.6666259765625,31.284400939941406,23.450000762939453,12.149999618530273,89.33200073242188,45.0,84.2072525024414,85.78704071044922,29.868515014648438,57.03662109375,157.71502685546875,14.865312576293945,33.69755935668945,28.491256713867188,5.829999923706055,39.37855529785156,17.804216384887695,30.011686325073242,41.04999923706055
2022-08-01,15.052210807800293,30.36957359313965,11.47852611541748,275.6099853515625,154.20713806152344,35.84975051879883,7.71999979019165,14.049528121948242,126.7699966430664,22.356000900268555,84.87000274658203,6.507999897003174,55.444271087646484,30.353761672973633,13.239999771118164,107.26881408691406,29.449565887451172,,253.04153442382812,9.550000190734863,70.40286254882812,11.209444999694824,31.989948272705078,46.75988006591797,46.13947677612305,12.185800552368164,9.310385704040527,42.1678466796875,40.00542068481445,12.11856460571289,108.1960678100586,98.80494689941406,31.93600082397461,28.760000228881836,13.079999923706055,86.92400360107422,62.70000076293945,83.84999084472656,92.63771057128906,28.022443771362305,54.8500862121582,161.5116729736328,14.523469924926758,34.71674728393555,24.49786949157715,6.5980000495910645,39.50495529174805,18.216115951538086,30.792720794677734,40.310001373291016
2022-09-01,12.108987808227539,24.518293380737305,8.435663223266602,265.25,135.5516357421875,34.68460464477539,8.130000114440918,12.28732967376709,113.0,23.54400062561035,63.36000061035156,5.506999969482422,49.13777160644531,27.453834533691406,11.5,94.8093032836914,23.867252349853516,,225.3924560546875,10.100000381469727,57.983856201171875,11.146567344665527,29.051860809326172,41.946556091308594,42.28630828857422,10.831544876098633,6.918817520141602,41.26118850708008,35.783016204833984,12.285648345947266,95.30968475341797,77.37205505371094,30.055200576782227,26.5,11.359999656677246,75.52200317382812,59.75,76.5869140625,85.33098602294922,25.873424530029297,50.155635833740234,134.49888610839844,13.152399063110352,32.82011032104492,21.4520206451416,4.059999942779541,36.35071563720703,17.028295516967773,27.458209991455078,38.72999954223633
2022-10-01,13.463632583618164,27.049091339111328,10.070070266723633,227.5399932861328,150.40150451660156,36.895992279052734,8.789999961853027,14.86156940460205,102.44000244140625,29.187999725341797,60.060001373291016,6.959000110626221,53.17290115356445,32.762794494628906,13.0,93.6793212890625,26.058082580566406,,224.64730834960938,11.680000305175781,74.50582122802734,12.838005065917969,29.074649810791016,44.41322326660156,39.151832580566406,12.902016639709473,8.916712760925293,45.27913284301758,41.018062591552734,14.673978805541992,93.83271789550781,86.27095031738281,29.96660041809082,26.56999969482422,16.889999389648438,84.14800262451172,53.2400016784668,97.20075225830078,82.86236572265625,30.15790557861328,53.58469772338867,92.34903717041016,14.671245574951172,47.56630325317383,23.77627944946289,2.7060000896453857,41.565616607666016,18.623369216918945,31.67369270324707,43.11000061035156
2022-11-01,16.885480880737305,28.995832443237305,10.578693389892578,194.6999969482422,145.43411254882812,40.07408142089844,7.5,15.717559814453125,96.54000091552734,30.55299949645996,77.62999725341797,9.02299976348877,56.66206359863281,34.408203125,11.399999618530273,100.10236358642578,30.080904006958008,,247.61141967773438,9.59000015258789,79.2393569946289,13.091719627380371,30.32726287841797,52.05695724487305,45.90079116821289,15.171395301818848,9.77295207977295,48.48904800415039,44.89143753051758,15.430773735046387,100.56334686279297,102.10469055175781,32.53919982910156,29.139999389648438,16.440000534057617,83.26000213623047,52.13999938964844,98.4518814086914,77.73676300048828,37.875816345214844,57.35499572753906,117.0719223022461,15.611154556274414,47.12748718261719,25.859498977661133,1.5420000553131104,43.61616897583008,19.69240951538086,32.73429870605469,45.27000045776367
2022-12-01,14.5816011428833,25.485862731933594,8.851094245910645,123.18000030517578,127.6514892578125,40.96141815185547,6.420000076293945,15.008312225341797,84.0,29.488000869750977,64.7699966430664,8.210000038146973,49.23528289794922,30.284339904785156,9.479999542236328,87.45452117919922,28.709863662719727,,232.74349975585938,8.140000343322754,78.00824737548828,12.060684204101562,30.654037475585938,53.26292037963867,36.546974182128906,14.536630630493164,7.932527542114258,45.27738952636719,43.01343536376953,15.981169700622559,87.95453643798828,109.25279998779297,27.749799728393555,24.729999542236328,12.239999771118164,77.65399932861328,44.83000183105469,97.53227233886719,70.60848999023438,36.162837982177734,57.35499572753906,119.29241943359375,14.457540512084961,49.0406494140625,23.34219741821289,0.9480000138282776,37.55812072753906,18.463436126708984,33.86565399169922,46.27000045776367
2023-01-01,19.49368667602539,27.250490188598633,10.281883239746094,173.22000122070312,141.75965881347656,35.62572479248047,7.78000020980835,16.845951080322266,103.12999725341797,35.38600158691406,75.1500015258789,7.232999801635742,59.40152359008789,32.44227600097656,14.819999694824219,97.97126007080078,32.557159423828125,,240.49771118164062,10.40999984741211,84.7380142211914,12.975926399230957,32.850791931152344,55.72826385498047,42.64553451538086,14.691468238830566,10.648876190185547,45.94160079956055,44.29450607299805,15.627344131469727,98.9971694946289,118.88864135742188,32.9276008605957,30.93000030517578,15.210000038146973,91.0260009765625,50.70000076293945,102.58131408691406,80.79031372070312,42.60380172729492,55.29018020629883,147.67320251464844,15.926529884338379,52.2696647644043,25.314163208007812,2.0339999198913574,42.633785247802734,20.159059524536133,33.71591567993164,46.25
2023-02-01,23.164527893066406,24.33236312866211,9.765058517456055,205.7100067138672,145.04611206054688,32.729522705078125,7.840000152587891,15.638533592224121,94.2300033569336,32.2130012512207,78.58000183105469,9.79699993133545,56.958473205566406,31.363311767578125,15.619999885559082,89.26844024658203,30.753480911254883,,242.66647338867188,10.069999694824219,83.72262573242188,13.104232788085938,30.669696807861328,56.61227798461914,44.622154235839844,14.21784496307373,10.452038764953613,45.38596725463867,44.06698226928711,15.35214614868164,89.51082611083984,110.91481018066406,29.82159996032715,33.2599983215332,14.819999694824219,86.43399810791016,55.959999084472656,97.93526458740234,72.96805572509766,39.118736267089844,53.65816116333008,173.41712951660156,15.35136890411377,49.042259216308594,25.644271850585938,1.8839999437332153,42.814208984375,19.97064971923828,32.39323425292969,46.720001220703125
2023-03-01,27.720123291015625,31.886816024780273,10.19384765625,207.4600067138672,162.25563049316406,32.91507339477539,8.449999809265137,15.919713020324707,103.29000091552734,34.54800033569336,98.01000213623047,10.654999732971191,59.44092559814453,26.32094383239746,15.100000381469727,102.81829071044922,31.365732192993164,,280.49365234375,9.710000038146973,89.01036834716797,9.715417861938477,30.73291778564453,61.55318832397461,42.79377746582031,14.635565757751465,9.989472389221191,47.277767181396484,47.5799674987793,15.892714500427246,103.09107208251953,114.8360824584961,34.16579818725586,31.700000762939453,13.449999809265137,92.94400024414062,60.90999984741211,97.7125015258789,75.28797149658203,39.06144332885742,56.359371185302734,210.0950469970703,10.508428573608398,45.254180908203125,25.73348045349121,1.9579999446868896,34.218414306640625,16.041757583618164,32.50796127319336,50.029998779296875
2023-04-01,27.692184448242188,30.315410614013672,9.731386184692383,164.30999755859375,166.95896911621094,31.374195098876953,7.75,14.820300102233887,105.44999694824219,32.99300003051758,89.37000274658203,10.543000221252441,63.52914810180664,26.94675636291504,13.609999656677246,106.39655303955078,34.49159622192383,,298.94036865234375,8.850000381469727,91.1146011352539,9.715417861938477,31.193334579467773,60.11016845703125,39.076358795166016,13.156389236450195,9.064339637756348,48.40640640258789,43.32518768310547,16.81659507751465,107.2741928100586,118.65645599365234,41.35240173339844,31.049999237060547,13.350000381469727,91.88400268554688,64.33999633789062,105.4468002319336,75.34745788574219,36.32952880859375,58.28557205200195,238.2279815673828,9.450868606567383,45.48460388183594,26.049121856689453,1.3880000114440918,36.3879508972168,15.782458305358887,33.01234817504883,52.119998931884766
2023-05-01,37.75653076171875,30.81196403503418,9.829680442810059,203.92999267578125,174.64886474609375,31.004240036010742,14.710000038146973,13.193168640136719,120.58000183105469,39.52299880981445,118.20999908447266,22.395000457763672,67.319580078125,25.575496673583984,11.279999732971191,121.7900619506836,32.807456970214844,21.96248435974121,320.19671630859375,8.920000076293945,101.90752410888672,8.943388938903809,28.62267303466797,77.5205078125,57.89200210571289,13.248263359069824,11.05239200592041,47.27069091796875,45.54416275024414,16.649513244628906,122.29180145263672,98.56201934814453,41.52980041503906,37.93000030517578,14.850000381469727,108.95600128173828,70.08000183105469,91.83749389648438,61.45774841308594,32.90835952758789,54.20602798461914,262.4155578613281,8.001602172851562,39.475284576416016,25.479215621948242,2.5840001106262207,36.727962493896484,14.92678451538086,32.12966537475586,51.47999954223633
2023-06-01,42.21975326538086,32.77201461791992,12.39358901977539,261.7699890136719,191.1234588623047,29.911500930786133,15.329999923706055,13.377690315246582,130.36000061035156,44.04899978637695,113.91000366210938,24.924999237060547,62.2952880859375,26.614465713500977,12.539999961853027,118.64791870117188,34.64167785644531,23.126697540283203,332.0435791015625,9.979999542236328,114.5569839477539,9.486865997314453,29.875871658325195,83.66981506347656,59.1688117980957,15.546990394592285,18.532194137573242,50.58900451660156,47.44221496582031,16.983680725097656,119.91275787353516,103.6870346069336,42.779998779296875,43.16999816894531,21.770000457763672,112.39399719238281,77.22000122070312,96.39431762695312,66.15705108642578,38.3323860168457,55.13153839111328,284.4818115234375,7.915930271148682,45.518821716308594,27.160568237304688,5.184000015258789,39.375770568847656,15.58261775970459,30.156330108642578,54.09000015258789
2023-07-01,46.63814163208008,35.05546951293945,10.938627243041992,267.42999267578125,193.56707763671875,29.733530044555664,19.84000015258789,12.395447731018066,133.67999267578125,43.89699935913086,114.4000015258789,33.027000427246094,70.60101318359375,29.685007095336914,13.069999694824219,131.5535125732422,38.00005340576172,20.728246688842773,327.5388488769531,12.859999656677246,113.16352844238281,10.771730422973633,27.86762046813965,86.68121337890625,64.52885437011719,16.08372688293457,18.542036056518555,51.45157241821289,48.07915496826172,17.308021545410156,131.94668579101562,103.7058334350586,39.245601654052734,49.459999084472656,22.06999969482422,116.5999984741211,91.26000213623047,96.38533782958984,75.16899871826172,42.94673538208008,56.69705581665039,315.8265686035156,10.54601001739502,54.06287384033203,29.035541534423828,9.1899995803833,42.58634567260742,17.81245231628418,30.733970642089844,51.849998474121094
2023-08-01,49.259037017822266,34.561946868896484,10.044326782226562,258.0799865722656,185.36293029785156,29.17283058166504,14.979999542236328,12.625938415527344,138.00999450683594,43.36800003051758,105.72000122070312,27.507999420166016,69.16703796386719,26.817546844482422,13.140000343322754,134.97315979003906,39.25944519042969,20.348785400390625,320.259033203125,10.890000343322754,116.21391296386719,9.759679794311523,28.603557586669922,89.01934051513672,57.71235275268555,15.722819328308105,15.569798469543457,52.522727966308594,52.98499298095703,16.02048683166504,136.14959716796875,95.55139923095703,38.532798767089844,47.22999954223633,16.56999969482422,117.76599884033203,80.02999877929688,100.75474548339844,61.97328186035156,38.38754653930664,54.774505615234375,293.31427001953125,9.892840385437012,54.63741683959961,26.276145935058594,10.069999694824219,38.39132308959961,16.2471923828125,28.447052001953125,53.939998626708984
2023-09-01,43.41800308227539,34.965206146240234,10.284462928771973,250.22000122070312,168.92526245117188,27.350553512573242,16.0,12.822286605834961,127.12000274658203,37.7599983215332,102.81999969482422,27.422000885009766,67.27812194824219,25.610897064208984,10.859999656677246,129.70985412597656,37.227622985839844,17.726835250854492,308.5238342285156,9.8100004196167,102.24583435058594,9.2849702835083,26.502037048339844,80.55172729492188,53.63037872314453,16.18821144104004,13.503010749816895,51.65708923339844,49.668235778808594,15.853402137756348,130.69769287109375,90.13146209716797,36.636600494384766,45.9900016784668,16.479999542236328,111.79199981689453,78.1500015258789,106.54503631591797,57.95805740356445,35.86750030517578,51.65641784667969,297.5966796875,9.395142555236816,54.251399993896484,22.933664321899414,8.395999908447266,37.99150848388672,15.237284660339355,28.919879913330078,52.79999923706055
2023-10-01,40.70405960083008,35.899574279785156,8.199440002441406,200.83999633789062,168.49114990234375,25.198463439941406,14.800000190734863,13.397836685180664,133.08999633789062,41.16899871826172,98.5,23.94700050354004,66.24127960205078,24.638093948364258,9.9399995803833,122.98941802978516,34.894309997558594,16.420278549194336,330.3722229003906,9.140000343322754,100.17850494384766,8.61538314819336,29.339372634887695,81.59815216064453,46.83687973022461,14.333603858947754,11.278754234313965,52.781124114990234,48.5101432800293,16.02048683166504,124.20492553710938,96.87104797363281,38.84400177001953,43.279998779296875,13.600000381469727,116.37000274658203,70.95999908447266,95.91590118408203,51.3552360534668,32.62310791015625,52.12703323364258,298.6474304199219,8.923639297485352,51.794734954833984,23.495853424072266,5.400000095367432,36.978023529052734,12.871959686279297,27.045759201049805,51.189998626708984
2023-11-01,46.68290710449219,44.1092529296875,8.628334045410156,240.0800018310547,187.66209411621094,25.462987899780273,20.049999237060547,14.415726661682129,146.08999633789062,47.39699935913086,121.16000366210938,27.347000122070312,75.40431213378906,28.747577667236328,10.449999809265137,131.36517333984375,35.401371002197266,18.233102798461914,370.9898986816406,8.800000190734863,112.58940124511719,10.052764892578125,32.011898040771484,89.77959442138672,55.27783203125,15.759509086608887,14.821819305419922,50.28758239746094,45.02053451538086,16.875566482543945,132.74960327148438,103.94054412841797,44.04499816894531,56.380001068115234,15.270000457763672,137.1479949951172,70.45999908447266,93.94908905029297,57.1153564453125,36.04187774658203,54.35581588745117,324.3021545410156,11.005776405334473,48.42612838745117,26.181854248046875,6.263999938964844,41.829254150390625,14.776620864868164,30.531757354736328,55.88999938964844
2023-12-01,49.43412780761719,49.58590316772461,10.2514009475708,248.47999572753906,190.21102905273438,24.05905532836914,17.170000076293945,14.598423957824707,151.94000244140625,48.6879997253418,147.41000366210938,28.426000595092773,84.65081787109375,31.745849609375,11.380000114440918,138.4622039794922,37.057777404785156,19.205419540405273,368.1799011230469,12.739999771118164,102.145263671875,11.491374969482422,31.485750198364258,108.7544937133789,59.82067108154297,15.949195861816406,18.246782302856445,51.109771728515625,47.01193618774414,17.73070526123047,139.6983184814453,102.68265533447266,45.739200592041016,61.56999969482422,20.040000915527344,141.29800415039062,71.95999908447266,91.42524719238281,60.882728576660156,41.11207580566406,54.81157302856445,350.8787536621094,12.791215896606445,48.659934997558594,27.09738540649414,10.588000297546387,46.17259979248047,17.41291046142578,32.15790939331055,57.810001373291016
2024-01-01,61.4178352355957,42.51066207885742,9.856148719787598,187.2899932861328,182.17892456054688,22.970600128173828,16.09000015258789,15.641167640686035,155.1999969482422,56.4109992980957,167.69000244140625,52.96099853515625,85.05750274658203,32.06642150878906,10.020000457763672,138.8686065673828,39.59295654296875,18.518552780151367,389.2696228027344,10.739999771118164,108.63925170898438,11.500408172607422,35.96570587158203,114.96554565429688,67.22176361083984,14.361793518066406,16.317777633666992,53.573673248291016,47.05889892578125,16.589962005615234,140.5607147216797,96.02442169189453,48.17539978027344,65.2699966430664,17.799999237060547,153.0800018310547,68.43000030517578,94.01310729980469,60.823238372802734,38.47043228149414,55.332435607910156,386.7437438964844,12.906691551208496,45.536865234375,25.854631423950195,8.612000465393066,47.073158264160156,16.774978637695312,32.28835678100586,63.2599983215332
2024-02-01,78.97163391113281,42.60557556152344,10.743927955627441,201.8800048828125,178.80075073242188,22.529510498046875,25.079999923706055,14.969188690185547,176.75999450683594,60.29199981689453,192.52999877929688,86.61199951171875,89.87825775146484,32.77655029296875,8.789999961853027,137.24305725097656,36.45375442504883,17.12339973449707,405.7429504394531,16.309999465942383,108.61980438232422,11.780465126037598,33.98695755004883,126.70470428466797,71.15380096435547,14.305435180664062,15.609166145324707,57.003684997558594,45.361473083496094,16.412952423095703,138.558349609375,98.29427337646484,53.77539825439453,79.5,19.389999389648438,154.26800537109375,85.43000030517578,96.46504211425781,59.8219108581543,36.64820098876953,55.82539749145508,486.37884521484375,12.860621452331543,45.44833755493164,25.512426376342773,15.185999870300293,52.51448440551758,16.958206176757812,30.679582595825195,66.20999908447266
2024-03-01,90.19991302490234,43.714012145996094,11.469403266906738,175.7899932861328,169.63072204589844,23.538925170898438,23.010000228881836,15.561591148376465,180.3800048828125,60.733001708984375,180.49000549316406,101.00299835205078,117.05082702636719,36.004825592041016,8.729999542236328,149.6034393310547,36.879119873046875,19.34042739868164,412.6877136230469,20.1299991607666,122.16808319091797,12.753935813903809,35.634498596191406,129.68258666992188,70.37931060791016,16.775503158569336,16.081575393676758,58.72024917602539,46.80569076538086,16.491918563842773,150.92929077148438,89.20138549804688,58.135398864746094,76.98999786376953,20.93000030517578,152.47999572753906,87.41999816894531,107.28182983398438,66.4148178100586,45.575199127197266,57.35948944091797,481.8636779785156,14.248522758483887,51.54196548461914,27.460044860839844,17.582000732421875,54.75336456298828,19.15194320678711,32.45559310913086,68.48999786376953
2024-04-01,86.25274658203125,30.155445098876953,10.493468284606934,183.27999877929688,168.49314880371094,21.73215675354004,21.969999313354492,15.178437232971191,175.0,55.06399917602539,158.3800048828125,85.87999725341797,112.15592193603516,35.140785217285156,7.360000133514404,161.34927368164062,32.66077423095703,16.961177825927734,381.8970031738281,16.489999771118164,110.99009704589844,12.315091133117676,34.0799446105957,127.22276306152344,65.49944305419922,16.08480453491211,14.585614204406738,57.92000198364258,44.41788101196289,16.836322784423828,163.20111083984375,87.56884002685547,63.19200134277344,66.2699966430664,18.920000076293945,138.66600036621094,82.8499984741211,109.1553726196289,67.33683013916016,48.54899978637695,57.912635803222656,426.87774658203125,13.058894157409668,44.649009704589844,25.524578094482422,16.583999633789062,56.038124084472656,17.5407772064209,33.959632873535156,71.87000274658203
2024-05-01,109.44361877441406,30.655534744262695,10.603437423706055,178.0800018310547,190.43470764160156,24.677459716796875,21.68000030517578,16.373661041259766,176.44000244140625,64.16200256347656,166.89999389648438,78.45099639892578,124.11021423339844,37.97028350830078,8.239999771118164,170.9838409423828,34.30624008178711,17.57802391052246,407.93890380859375,20.899999618530273,114.34664916992188,12.726510047912598,35.51253128051758,129.9897918701172,68.3813705444336,16.699810028076172,14.84150218963623,64.39769744873047,43.964054107666016,18.24344825744629,172.43966674804688,90.21697998046875,62.59040069580078,64.55999755859375,16.600000381469727,131.38600158691406,92.77999877929688,109.10225677490234,62.449161529541016,51.26129150390625,59.000205993652344,463.2571105957031,13.136988639831543,43.153812408447266,33.16650390625,19.996000289916992,56.93034744262695,17.613597869873047,31.10987091064453,75.56999969482422
2024-06-01,123.33671569824219,30.774776458740234,10.961837768554688,197.8800048828125,208.63124084472656,24.09195327758789,25.329999923706055,17.173471450805664,193.25,67.48799896240234,162.2100067138672,81.93499755859375,130.59371948242188,37.991058349609375,7.440000057220459,180.75624084472656,33.56063461303711,16.557950973510742,439.20770263671875,22.709999084472656,137.77407836914062,12.202862739562988,35.5901985168457,157.58924865722656,69.4645767211914,20.151254653930664,18.423933029174805,66.30729675292969,44.918975830078125,17.1905574798584,182.0238800048828,71.81722259521484,62.650001525878906,72.68000030517578,18.790000915527344,157.33399963378906,97.66999816894531,107.11113739013672,57.53174591064453,47.24631881713867,60.13828659057617,500.8578186035156,12.990718841552734,44.649757385253906,32.06533432006836,25.743999481201172,56.42679214477539,18.470773696899414,28.670055389404297,77.01000213623047
2024-07-01,116.82743072509766,30.546226501464844,9.458300590515137,232.07000732421875,219.98304748535156,26.66733741760254,26.889999389648438,17.55893325805664,186.97999572753906,62.834999084472656,144.47999572753906,70.16500091552734,109.13365173339844,38.50691223144531,8.649999618530273,170.2274169921875,35.65861129760742,16.840293884277344,411.1031188964844,20.56999969482422,136.45071411132812,13.841635704040527,35.54111099243164,157.71392822265625,66.61814880371094,18.951889038085938,16.396512985229492,67.21802520751953,46.20015335083008,17.968364715576172,171.83206176757812,71.33126068115234,54.31999969482422,64.47000122070312,18.43000030517578,162.8780059814453,89.87999725341797,110.33972930908203,65.2152099609375,44.274681091308594,63.05780792236328,471.6637878417969,14.7459716796875,45.700225830078125,33.04505920410156,26.645999908447266,56.37928771972656,20.618322372436523,31.330615997314453,73.87999725341797
2024-08-01,119.17357635498047,22.040000915527344,9.934098243713379,214.11000061035156,227.1002655029297,25.331348419189453,31.479999542236328,18.151832580566406,178.5,70.13500213623047,148.55999755859375,43.77000045776367,95.63851165771484,38.92722702026367,7.840000152587891,162.12985229492188,34.18975830078125,20.185495376586914,410.6529235839844,20.1200008392334,138.25112915039062,13.860156059265137,36.64628982543945,159.8144073486328,75.82810974121094,18.437875747680664,16.239044189453125,75.84565734863281,48.19309997558594,19.395992279052734,163.85324096679688,79.39247131347656,56.08000183105469,73.12999725341797,17.889999389648438,171.0,104.52999877929688,110.61842346191406,71.80810546875,43.172935485839844,68.4716796875,517.8338012695312,15.787109375,41.630836486816406,33.127471923828125,30.124000549316406,55.97709274291992,21.586101531982422,31.888126373291016,81.79000091552734
2024-09-01,121.25054168701172,23.459999084472656,9.374805450439453,261.6300048828125,231.06707763671875,25.27022361755371,37.20000076293945,20.067352294921875,186.3300018310547,70.927001953125,164.0800018310547,41.63999938964844,103.06183624267578,38.15221405029297,8.25,164.79934692382812,36.09062957763672,21.270639419555664,423.6082763671875,23.420000076293945,166.73507690429688,13.755810737609863,39.391693115234375,169.87257385253906,71.73037719726562,19.61475944519043,18.187728881835938,79.30256652832031,50.7486572265625,19.474735260009766,166.13583374023438,84.60873413085938,57.619998931884766,75.16000366210938,20.510000228881836,178.8780059814453,109.6500015258789,109.94310760498047,77.36003112792969,48.67192840576172,68.36077880859375,569.1654052734375,15.50024127960205,39.96009063720703,33.116703033447266,34.821998596191406,54.08150863647461,21.735164642333984,31.60011863708496,83.80000305175781
2024-10-01,132.55287170410156,21.520000457763672,9.135108947753906,249.85000610351562,224.03590393066406,24.711380004882812,41.560001373291016,20.823894500732422,186.39999389648438,75.60299682617188,144.07000732421875,29.110000610351562,99.1386947631836,40.20981216430664,8.130000114440918,170.02603149414062,38.014896392822266,21.086715698242188,400.0307312011719,23.489999771118164,164.59938049316406,14.588645935058594,37.5301399230957,167.18417358398438,79.74317169189453,18.684831619262695,21.65205955505371,80.48104858398438,52.625816345214844,19.918014526367188,171.60113525390625,73.82207489013672,55.77000045776367,72.05000305175781,25.34000015258789,186.59800720214844,120.20999908447266,109.53041076660156,78.61912536621094,44.02960205078125,62.129737854003906,564.3331909179688,15.962933540344238,38.16926956176758,32.7935791015625,49.46200180053711,62.15208435058594,22.238250732421875,30.115066528320312,84.0199966430664
2024-11-01,138.03431701660156,24.049999237060547,10.015083312988281,345.1600036621094,235.62010192871094,23.24188995361328,67.08000183105469,21.396690368652344,207.88999938964844,88.68099975585938,137.17999267578125,32.63999938964844,97.44742584228516,45.68073654174805,10.479999542236328,167.8797149658203,37.59705352783203,22.3378963470459,417.7090759277344,37.540000915527344,181.2711639404297,16.853208541870117,39.49885177612305,159.611328125,92.26557159423828,20.34336280822754,25.02781105041504,90.84193420410156,56.89199447631836,21.306955337524414,169.41500854492188,75.39173889160156,61.52000045776367,71.95999908447266,26.889999389648438,209.88800048828125,128.5500030517578,111.5462875366211,86.02497863769531,43.22764205932617,61.42198944091797,571.0345458984375,18.026546478271484,41.85569381713867,32.71048355102539,52.08399963378906,73.34262084960938,25.396509170532227,29.13905143737793,90.66000366210938
2024-12-01,134.08973693847656,20.049999237060547,8.908294677734375,403.8399963378906,248.6157989501953,23.525653839111328,75.62999725341797,21.036380767822266,219.38999938964844,89.13200378417969,120.79000091552734,30.479999542236328,83.83695983886719,42.49287796020508,10.569999694824219,188.31639099121094,32.670005798339844,19.805400848388672,415.77569580078125,37.2599983215332,163.42257690429688,15.36556339263916,35.62379837036133,228.92050170898438,109.9442367553711,20.596166610717773,24.52587890625,88.92706298828125,56.882381439208984,19.90332794189453,189.45391845703125,72.79434204101562,60.29999923706055,60.31999969482422,25.729999542236328,212.0240020751953,117.52999877929688,101.72119903564453,84.61717224121094,37.24228286743164,59.67747497558594,582.6302490234375,16.033132553100586,36.75287628173828,30.376659393310547,40.672000885009766,67.63272094726562,22.114990234375,27.990625381469727,89.31999969482422
2025-01-01,119.89093780517578,19.43000030517578,9.07026481628418,404.6000061035156,234.29965209960938,23.905567169189453,82.48999786376953,22.201560974121094,237.67999267578125,97.6760025024414,115.94999694824219,28.520000457763672,90.8897933959961,44.76496124267578,10.4399995803833,202.9599151611328,29.547515869140625,19.749744415283203,409.4231872558594,51.95000076293945,167.1864471435547,16.243864059448242,35.711090087890625,218.48361206054688,112.40023803710938,20.441814422607422,27.232385635375977,96.61407470703125,58.624351501464844,15.435436248779297,204.53543090820312,73.97760772705078,58.349998474121094,66.8499984741211,28.350000381469727,203.67599487304688,118.68000030517578,101.02144622802734,87.81944274902344,35.19498825073242,60.84687423706055,685.7903442382812,16.81888771057129,38.6125602722168,30.255634307861328,49.49599838256836,75.87498474121094,23.1680850982666,27.19766616821289,102.36000061035156
2025-02-01,124.73370361328125,23.729999542236328,8.874184608459473,292.9800109863281,240.36160278320312,23.82444190979004,84.91999816894531,25.644533157348633,212.27999877929688,98.05599975585938,99.86000061035156,41.459999084472656,93.27061462402344,44.571590423583984,11.460000038146973,169.39520263671875,31.49628448486328,22.10938262939453,392.3837585449219,50.099998474121094,163.2540283203125,15.554445266723633,39.07457733154297,196.91860961914062,91.44595336914062,19.11054039001465,23.55153465270996,97.0569839477539,62.019927978515625,16.115976333618164,171.3282470703125,76.41146087646484,53.970001220703125,76.01000213623047,22.719999313354492,185.95199584960938,70.31999969482422,106.21843719482422,70.43995666503906,36.235618591308594,68.25623321533203,664.9135131835938,16.201507568359375,40.21348190307617,28.738203048706055,46.619998931884766,75.78511047363281,22.293636322021484,27.990625381469727,103.79000091552734
2025-03-01,108.22832489013672,22.709999084472656,9.320216178894043,259.1600036621094,220.7720947265625,22.841894149780273,84.4000015258789,26.45849609375,190.25999450683594,93.25299835205078,102.73999786376953,34.2400016784668,86.66918182373047,40.60109329223633,10.729999542236328,154.01365661621094,32.391658782958984,22.46537971496582,371.0343933105469,41.619998931884766,137.44760131835938,14.324620246887207,41.123504638671875,165.8218536376953,61.319183349609375,15.005380630493164,19.22112274169922,86.64466857910156,59.69816207885742,16.96941375732422,155.5980987548828,61.37668228149414,50.209999084472656,72.86000061035156,18.959999084472656,159.22799682617188,54.720001220703125,113.46949768066406,64.68975830078125,37.16826629638672,69.15583038330078,574.035400390625,15.140185356140137,40.34861755371094,26.04075813293457,41.816001892089844,69.46646118164062,20.6496524810791,28.09468650817871,100.87999725341797
2025-04-01,108.76756286621094,20.100000381469727,9.301631927490234,282.1600036621094,211.20095825195312,22.003576278686523,118.44000244140625,26.19092559814453,184.4199981689453,113.1719970703125,97.3499984741211,31.860000610351562,76.75443267822266,38.80113983154297,8.670000076293945,158.15679931640625,30.293787002563477,22.10938262939453,390.6737976074219,49.11000061035156,138.83917236328125,13.866537094116211,40.58650588989258,190.621337890625,58.198265075683594,15.773640632629395,18.049943923950195,95.98125457763672,56.22077941894531,16.317502975463867,160.23927307128906,54.53126907348633,50.52000045776367,81.01000213623047,16.030000686645508,191.0019989013672,53.630001068115234,100.78014373779297,65.27468872070312,35.52960968017578,70.0538330078125,546.7858276367188,14.051305770874023,32.09549331665039,24.047025680541992,48.869998931884766,68.71171569824219,19.39527702331543,26.86675453186035,102.87000274658203
2025-05-01,134.94090270996094,19.549999237060547,9.786189079284668,346.4599914550781,199.88394165039062,21.578218460083008,131.77999877929688,26.285476684570312,205.00999450683594,120.7229995727539,110.7300033569336,40.02000045776367,94.2199478149414,42.93616485595703,9.970000267028809,171.04440307617188,30.621524810791016,22.55777931213379,455.8537902832031,66.1500015258789,163.3175811767578,14.916308403015137,40.494388580322266,239.74493408203125,60.01291275024414,16.804473876953125,22.852764129638672,97.66764068603516,61.3919677734375,16.673091888427734,172.15090942382812,58.58243942260742,50.08000183105469,84.16000366210938,17.649999618530273,202.21800231933594,75.22000122070312,98.50199127197266,69.67656707763672,37.94558334350586,69.61930847167969,644.8786010742188,15.216415405273438,31.90243911743164,23.416933059692383,65.43199920654297,72.75667572021484,20.374069213867188,25.049467086791992,105.26000213623047
2025-06-01,157.7798614501953,22.399999618530273,10.229303359985352,317.6600036621094,204.18316650390625,22.267179489135742,136.32000732421875,27.363370895385742,219.38999938964844,133.91299438476562,141.89999389648438,49.0099983215332,122.93677520751953,46.31118392944336,11.460000038146973,175.72869873046875,31.613601684570312,19.779403686523438,492.5411682128906,93.62999725341797,215.70787048339844,16.15419578552246,39.85878372192383,273.64495849609375,77.17227935791016,20.032726287841797,27.675270080566406,96.73766326904297,67.56621551513672,13.793778419494629,176.8848876953125,69.14266204833984,56.150001525878906,93.30000305175781,20.280000686645508,205.61599731445312,71.98999786376953,103.79779052734375,73.68187713623047,42.747947692871094,68.8014907836914,735.6788940429688,16.713109970092773,32.90129852294922,23.266202926635742,67.39199829101562,77.95218658447266,22.614351272583008,24.196680068969727,107.41000366210938
2025-07-01,177.63340759277344,19.799999237060547,10.436716079711914,308.2699890136719,206.57162475585938,21.7636661529541,158.35000610351562,26.17568588256836,234.11000061035156,115.94000244140625,176.30999755859375,58.970001220703125,108.9651107788086,46.262245178222656,13.170000076293945,191.35409545898438,29.70439338684082,20.261367797851562,528.2779541015625,103.05000305175781,250.9102020263672,15.836124420166016,40.025875091552734,291.5636901855469,80.19913482666016,20.2678279876709,29.29917335510254,96.93553924560547,66.69890594482422,13.872940063476562,192.3108367919922,72.69517517089844,42.880001068115234,87.75,25.559999465942383,188.62399291992188,86.95999908447266,107.49522399902344,68.16962432861328,39.81201171875,66.02025604248047,770.913330078125,17.192821502685547,32.90129852294922,23.589611053466797,78.03399658203125,78.4483871459961,24.354656219482422,25.733570098876953,104.91999816894531
2025-08-01,173.94830322265625,24.350000381469727,11.245687484741211,333.8699951171875,231.28562927246094,23.137327194213867,156.7100067138672,27.971027374267578,229.0,120.82499694824219,162.6300048828125,41.540000915527344,118.81929016113281,49.65827178955078,11.640000343322754,212.3043670654297,30.365882873535156,19.7591609954834,502.5551452636719,104.02999877929688,223.58169555664062,17.166242599487305,41.401878356933594,295.22686767578125,62.73633575439453,22.109468460083008,31.38564109802246,96.17029571533203,67.68840789794922,15.119722366333008,212.92198181152344,75.3035888671875,42.13999938964844,93.75,24.84000015258789,183.49200439453125,54.65999984741211,111.07086181640625,69.58734893798828,43.92776870727539,67.08995819091797,736.2868041992188,18.574390411376953,35.86046600341797,27.147075653076172,74.38400268554688,80.42617797851562,26.33533477783203,26.596405029296875,105.5
2025-09-01,186.3423309326172,33.54999923706055,11.427223205566406,444.7200012207031,253.69287109375,23.810138702392578,182.4199981689453,26.96830940246582,219.57000732421875,119.89199829101562,161.7899932861328,47.939998626708984,167.0518798828125,50.7709846496582,19.530000686645508,242.62527465820312,28.0864315032959,15.484848022460938,513.7232666015625,143.17999267578125,278.0706481933594,16.795114517211914,41.13978576660156,328.0714416503906,83.89126586914062,24.186002731323242,28.452774047851562,102.19953155517578,67.0320053100586,14.946633338928223,243.0735626220703,68.22034454345703,39.189998626708984,97.97000122070312,24.6299991607666,184.05599975585938,49.0099983215332,109.5742416381836,66.48421478271484,38.8028678894043,64.98810577392578,732.4749145507812,18.123483657836914,33.7238655090332,26.161361694335938,75.447998046875,82.03116607666016,25.60231590270996,24.761186599731445,97.62999725341797
2025-10-01,202.23207092285156,39.9900016784668,12.5451021194458,456.55999755859375,269.37493896484375,23.034534454345703,200.47000122070312,23.889928817749023,244.22000122070312,111.88600158691406,256.1199951171875,51.959999084472656,223.55133056640625,52.60145950317383,22.450000762939453,280.6408996582031,25.150407791137695,13.710245132446289,513.5843505859375,146.77999877929688,260.1011657714844,15.015437126159668,37.83842468261719,367.5700988769531,93.6026382446289,24.048133850097656,28.374038696289062,100.33522033691406,72.05936431884766,15.818851470947266,281.2687072753906,63.19161605834961,31.690000534057617,96.5,22.420000076293945,183.8560028076172,50.279998779296875,111.1388931274414,68.67523193359375,41.40446472167969,67.51628875732422,646.6680908203125,17.056825637817383,35.38209915161133,26.584095001220703,61.30799865722656,85.11394500732422,23.4954891204834,23.515518188476562,100.72000122070312
2025-11-01,176.7745361328125,40.560001373291016,12.835165023803711,430.1700134277344,278.0930480957031,24.476642608642578,168.4499969482422,25.11579704284668,233.22000122070312,107.58000183105469,217.52999877929688,33.849998474121094,236.2489013671875,52.798282623291016,24.0,319.5547790527344,24.111507415771484,16.76194953918457,488.9082946777344,128.49000549316406,200.02069091796875,15.851787567138672,39.14286804199219,400.71429443359375,89.26899719238281,21.53696632385254,25.372276306152344,109.58733367919922,75.83433532714844,15.977437019348145,319.4938049316406,63.23075866699219,34.52000045776367,87.54000091552734,18.459999084472656,162.48199462890625,39.560001373291016,113.64030456542969,62.295413970947266,42.675392150878906,71.65154266357422,646.2691650390625,17.822879791259766,35.5587158203125,23.461639404296875,74.9000015258789,84.45958709716797,24.7091007232666,24.642250061035156,101.58000183105469
2025-12-01,186.27281188964844,36.900001525878906,12.680524826049805,449.7200012207031,271.12200927734375,23.67786979675293,177.75,23.976802825927734,230.82000732421875,93.76000213623047,214.16000366210938,29.270000457763672,285.24627685546875,54.40813064575195,28.81999969482422,312.5931091308594,27.00235939025879,16.66533851623535,480.5711669921875,113.0999984741211,193.04794311523438,17.021554946899414,38.78104782104492,344.82977294921875,84.85547637939453,23.79648780822754,30.056995391845703,110.70501708984375,75.92304229736328,15.977560043334961,313.3904724121094,62.72861099243164,37.0,81.70999908447266,22.31999969482422,153.19000244140625,37.959999084472656,117.97338104248047,58.012542724609375,50.43004608154297,68.9871826171875,658.9146118164062,20.237180709838867,37.95599365234375,21.660554885864258,84.40399932861328,91.69053649902344,26.58791160583496,23.42510986328125,95.3499984741211
2026-01-01,190.8971710205078,46.470001220703125,13.415067672729492,430.4100036621094,258.775634765625,25.563446044921875,146.58999633789062,25.595800399780273,239.3000030517578,83.48999786376953,236.72999572753906,29.110000610351562,414.6419982910156,52.62750244140625,27.540000915527344,337.56060791015625,29.01274299621582,16.810253143310547,427.5773620605469,99.4800033569336,163.43858337402344,17.149093627929688,43.12514877319336,330.08404541015625,78.8610610961914,21.31974983215332,29.54521942138672,118.38610076904297,77.6075668334961,15.331298828125,338.08819580078125,60.857879638671875,38.869998931884766,80.05000305175781,21.959999084472656,117.01000213623047,30.329999923706055,138.61920166015625,52.35835647583008,59.9521484375,73.82250213623047,715.2241821289062,21.100008010864258,47.84552001953125,18.89951515197754,80.22200012207031,89.02444458007812,27.961458206176758,22.932458877563477,93.52999877929688
2026-02-01,176.97415161132812,45.61000061035156,13.765521049499512,402.510009765625,263.70941162109375,26.73332977294922,137.19000244140625,27.353620529174805,210.0,96.23999786376953,200.2100067138672,32.38999938964844,412.1334533691406,49.29376983642578,28.170000076293945,311.354736328125,30.1927547454834,18.684091567993164,391.15484619140625,75.8499984741211,144.3916015625,16.481966018676758,48.569068908691406,318.377197265625,81.62899017333984,21.270214080810547,31.19455337524414,127.14035034179688,78.73719787597656,18.890705108642578,311.0235595703125,61.2221794128418,37.220001220703125,75.41999816894531,24.790000915527344,108.01000213623047,23.81999969482422,150.49740600585938,45.91913986206055,67.76593780517578,80.48339080810547,647.0258178710938,20.335229873657227,51.072227478027344,18.462024688720703,66.83200073242188,80.52467346191406,27.30411720275879,23.772865295410156,76.8499984741211
2026-03-01,174.1969757080078,44.130001068115234,11.274245262145996,371.75,253.33790588378906,27.149072647094727,146.27999877929688,28.31065559387207,208.27000427246094,96.1500015258789,203.42999267578125,22.770000457763672,337.7880554199219,48.498016357421875,27.459999084472656,287.3883361816406,27.998516082763672,16.846954345703125,368.67596435546875,69.30000305175781,146.08975219726562,15.509943962097168,48.62718963623047,309.02093505859375,98.97602844238281,23.740541458129883,25.58843231201172,123.74702453613281,76.88420867919922,17.51904296875,286.68743896484375,52.35155487060547,32.0099983215332,71.93000030517578,18.700000762939453,104.55000305175781,22.690000534057617,167.4320526123047,45.08139419555664,58.50883865356445,75.56214904785156,571.6002197265625,19.853336334228516,51.12196350097656,18.978923797607422,62.875999450683594,78.70558166503906,25.87279510498047,22.089643478393555,62.75
2026-04-01,199.33767700195312,94.4800033569336,11.801809310913086,381.6300048828125,270.86663818359375,25.8148250579834,139.11000061035156,25.784746170043945,265.05999755859375,93.61000061035156,354.489990234375,27.399999618530273,517.0804443359375,53.18367004394531,27.049999237060547,384.5702819824219,26.676528930664062,17.130342483520508,406.1341552734375,72.88999938964844,160.83047485351562,16.61001205444336,47.22494888305664,416.7703857421875,165.10926818847656,28.686073303222656,26.211334228515625,131.3642120361328,91.15898132324219,16.57179832458496,381.71026611328125,43.96658706665039,33.9900016784668,74.61000061035156,18.18000030517578,88.30999755859375,23.59000015258789,152.30335998535156,49.97526168823242,57.64009475708008,78.25476837158203,611.3433837890625,21.89313316345215,56.58333206176758,20.60907745361328,79.16000366210938,81.29581451416016,28.279794692993164,22.256616592407227,57.61000061035156
2026-05-01,210.8942108154297,114.68000030517578,17.253143310546875,435.7900085449219,311.7911071777344,25.729883193969727,156.5399932861328,24.472318649291992,270.6400146484375,86.0199966430664,516.0999755859375,46.09000015258789,970.8507080078125,51.333282470703125,27.010000228881836,380.1129455566406,24.53569793701172,17.08951187133789,449.3940124511719,94.30000305175781,224.9972381591797,16.213590621948242,47.00864028930664,446.06402587890625,204.94943237304688,42.91444778442383,27.913803100585938,115.47355651855469,119.97119140625,16.29261016845703,376.2035827636719,45.81999969482422,31.860000610351562,70.4000015258789,18.34000015258789,124.37000274658203,21.559999465942383,144.32546997070312,44.602970123291016,65.55089569091797,78.50315856933594,631.92431640625,21.12078285217285,54.26548385620117,26.714740753173828,73.0,77.09737396240234,27.735000610351562,23.58258628845215,48.310001373291016
2026-06-01,200.08999633789062,139.6300048828125,13.751070976257324,420.6000061035156,289.11065673828125,23.66598892211914,116.66999816894531,20.42649269104004,238.33999633789062,71.4000015258789,580.9099731445312,29.329999923706055,1154.112548828125,56.97999954223633,26.65999984741211,357.3699951171875,24.219999313354492,18.89933967590332,372.319091796875,100.27999877929688,146.04193115234375,17.729999542236328,41.63032531738281,377.75,297.8165283203125,45.11000061035156,28.421144485473633,112.989501953125,117.02222442626953,16.81999969482422,353.3299865722656,41.04999923706055,34.0,72.16000366210938,21.110000610351562,99.27999877929688,18.079999923706055,135.8404083251953,43.18000030517578,62.73772430419922,81.2699966430664,563.2899780273438,23.049999237060547,46.4900016784668,21.940000534057617,65.81999969482422,82.16825866699219,30.200000762939453,23.6200008392334,42.68000030517578
2026-07-01,200.75,90.19999694824219,14.522714614868164,311.2099914550781,308.6438293457031,25.010000228881836,123.05999755859375,23.25,271.5799865722656,71.70999908447266,476.1499938964844,28.399999618530273,823.030029296875,61.95000076293945,26.299999237060547,356.1300048828125,23.959999084472656,19.027904510498047,463.8468017578125,86.55999755859375,129.8699951171875,17.040000915527344,46.810001373291016,389.2799987792969,187.55999755859375,47.900001525878906,27.66510581970215,110.93441772460938,115.98999786376953,17.3799991607666,356.6499938964844,41.709999084472656,37.220001220703125,70.36000061035156,18.530000686645508,111.2300033569336,18.040000915527344,154.4399871826172,57.209999084472656,62.630001068115234,87.58999633789062,556.7100219726562,22.59000015258789,49.59000015258789,27.270000457763672,62.36000061035156,85.95650482177734,30.950000762939453,25.850000381469727,46.72999954223633
2026-08-01,214.72000122070312,90.06999969482422,14.40999984741211,362.8599853515625,309.3500061035156,28.06999969482422,179.94000244140625,25.290000915527344,258.6300048828125,79.58999633789062,473.25,37.2400016784668,966.780029296875,61.689998626708984,28.549999237060547,344.82000732421875,26.850000381469727,19.059999465942383,483.239990234375,108.12999725341797,146.47000122070312,17.030000686645508,49.45000076293945,368.45001220703125,237.0399932861328,53.45000076293945,25.729999542236328,103.69999694824219,111.04000091552734,17.600000381469727,341.75,40.7599983215332,36.900001525878906,78.80000305175781,17.239999771118164,128.47999572753906,13.180000305175781,165.11000061035156,61.54999923706055,76.66000366210938,91.0999984741211,549.9000244140625,21.8700008392334,53.869998931884766,29.709999084472656,69.91000366210938,83.83999633789062,30.40999984741211,25.579999923706055,50.369998931884766
