,SNDK,MU,LITE,WDC,MRNA,STX,CIEN,INTC,DELL,TER,MRVL,COHR,LRCX,AMAT,ECHO,AMD,FIX,VLO,HPE,WBD,GLW,CNC,FLEX,KLAC,MPC,VRT,APA,PANW,FTNT,CAT,KEYS,PSX,NEM,JBHT,TRGP,CRWD,CRL,DDOG,FCX,LLY,ALB,MRK,NTAP,STLD,FDX,PWR,GOOGL,TGT,CASY,GOOG
2016-09-01,,17.337940216064453,41.77000045776367,39.13584899902344,,25.875944137573242,21.799999237060547,30.5870361328125,12.186124801635742,20.46634864807129,12.390223503112793,24.329999923706055,8.29875659942627,27.099136352539062,35.518638610839844,6.909999847412109,27.590360641479492,36.130714416503906,10.005648612976074,26.920000076293945,18.426416397094727,33.47999954223633,10.263752937316895,5.951050281524658,30.11161994934082,,49.522499084472656,26.55500030517578,7.386000156402588,71.28386688232422,31.690000534057617,55.447540283203125,30.767498016357422,74.0486068725586,32.415931701660156,,83.33999633789062,,9.780901908874512,68.63209533691406,75.09443664550781,44.14118957519531,27.996549606323242,20.61121940612793,120.4342269897461,27.44558334350586,39.849639892578125,50.870662689208984,112.03936004638672,38.52482604980469
2016-10-01,,16.733356475830078,33.599998474121094,39.11576843261719,,23.029939651489258,19.3799991607666,28.253509521484375,12.514997482299805,22.08810806274414,12.166141510009766,27.799999237060547,8.487143516540527,26.137409210205078,37.87682342529297,7.230000019073486,27.157360076904297,40.384578704833984,9.906521797180176,26.110000610351562,17.694032669067383,31.239999771118164,10.693292617797852,6.412041187286377,32.337162017822266,,46.302886962890625,25.63833236694336,6.4120001792907715,67.61144256591797,32.79999923706055,55.86054611206055,29.00555992126465,74.47754669189453,29.565710067749023,,75.87999725341797,,10.069108009338379,63.142173767089844,73.39035034179688,41.53134536743164,26.672571182250977,22.648420333862305,120.18600463867188,28.190807342529297,40.139076232910156,50.907684326171875,105.58423614501953,38.884178161621094
2016-11-01,,19.044424057006836,40.099998474121094,42.609676361083984,,26.91637420654297,21.450000762939453,28.32864761352539,13.65457820892334,23.1771240234375,13.38928508758545,30.200000762939453,9.28977108001709,29.0343017578125,41.329010009765625,8.90999984741211,30.384662628173828,42.359161376953125,10.492889404296875,27.09000015258789,18.8306941986084,28.815000534057617,10.730972290039062,6.864941120147705,35.16971206665039,,51.33955001831055,22.395000457763672,6.019999980926514,77.41374206542969,36.83000183105469,57.624576568603516,25.403350830078125,87.26905059814453,35.889678955078125,,71.0999984741211,,13.824755668640137,57.77163314819336,77.10595703125,43.2783203125,28.731571197509766,29.263147354125977,132.1481170654297,33.06414031982422,38.453025817871094,57.69614791870117,112.55528259277344,37.57075119018555
2016-12-01,,21.3750057220459,38.650001525878906,45.80751419067383,,26.040462493896484,24.40999984741211,29.610370635986328,14.014043807983398,24.14680290222168,13.006267547607422,29.649999618530273,9.304582595825195,29.09742546081543,41.645057678222656,11.34000015258789,31.422649383544922,47.01067352294922,10.229039192199707,27.40999984741211,19.01877784729004,28.2549991607666,10.828936576843262,6.765199184417725,37.660465240478516,,49.40895462036133,20.84166717529297,6.02400016784668,75.12921905517578,36.56999969482422,59.93428421020508,26.71969223022461,88.82464599609375,37.76194381713867,,76.19000244140625,,11.879383087158203,63.306087493896484,75.8660659790039,41.95694351196289,27.717790603637695,29.45687484741211,128.6385955810547,34.17216873168945,39.274253845214844,53.95382308959961,111.08820343017578,38.253726959228516
2017-01-01,,23.510562896728516,37.95000076293945,53.74883270263672,,30.802391052246094,24.34000015258789,30.05938148498535,16.058658599853516,26.97977066040039,13.943995475769043,36.5,10.108050346374512,30.882768630981445,41.27228546142578,10.369999885559082,31.94163703918457,45.24916458129883,10.02569580078125,28.350000381469727,20.758445739746094,31.635000228881836,11.80859088897705,7.3180742263793945,35.940120697021484,,46.7527961730957,24.593332290649414,6.6519999504089355,78.13777923583984,37.06999969482422,56.61193084716797,28.4528865814209,90.6639404296875,39.418479919433594,,80.80000305175781,,14.995579719543457,66.30140686035156,81.64766693115234,44.180580139160156,30.27643585205078,27.99148178100586,130.6490020751953,35.191925048828125,40.64905548095703,48.16477966308594,107.59950256347656,39.49131774902344
2017-02-01,,22.85721778869629,45.900001525878906,51.82755661010742,,32.87633514404297,26.34000015258789,29.764190673828125,16.18613624572754,27.101211547851562,14.628535270690918,35.599998474121094,10.431903839111328,32.75218200683594,43.168556213378906,14.460000038146973,35.999229431152344,47.24626159667969,10.0875825881958,28.760000228881836,21.758487701416016,35.25,12.426526069641113,7.797452926635742,37.367034912109375,,41.10214614868164,25.316667556762695,7.46999979019165,78.95458984375,37.599998474121094,54.66291046142578,26.853015899658203,90.04141998291016,38.65228271484375,,86.97000122070312,,12.068517684936523,71.75602722167969,89.4651870727539,46.94586944580078,33.04966354370117,30.30133628845215,133.3226776123047,36.594120025634766,41.87518310546875,44.303985595703125,107.2998046875,40.80077362060547
2017-03-01,,28.181467056274414,53.349998474121094,55.9838752746582,,31.761438369750977,23.610000610351562,29.657316207885742,16.336549758911133,29.635988235473633,14.364923477172852,36.04999923706055,11.33911418914795,35.17558670043945,46.15073013305664,14.550000190734863,34.64988327026367,46.09204864501953,10.507116317749023,29.09000015258789,21.277769088745117,35.630001068115234,12.660136222839355,8.22574234008789,38.0751953125,,40.16426086425781,18.780000686645508,7.670000076293945,75.7689437866211,36.13999938964844,55.38297653198242,25.88837242126465,84.14384460449219,40.9782600402832,,89.94999694824219,,12.032490730285645,72.88250732421875,93.39515686035156,45.61207962036133,33.065467834472656,28.90719223022461,135.10194396972656,36.38820266723633,42.017417907714844,41.60519027709961,105.11784362792969,41.11549758911133
2017-04-01,,26.9820499420166,42.75,60.42027282714844,,29.133665084838867,22.90999984741211,29.723079681396484,17.1090145111084,33.60969161987305,14.138999938964844,33.150001525878906,12.795812606811523,36.72187805175781,46.645057678222656,13.300000190734863,34.697139739990234,44.92393112182617,11.024633407592773,28.780000686645508,22.735687255859375,37.20000076293945,11.650339126586914,8.498289108276367,38.37654495239258,,38.20430374145508,18.06833267211914,7.800000190734863,84.22264862060547,37.43000030517578,55.62068557739258,26.55600357055664,82.23607635498047,38.33635711669922,,89.69999694824219,,11.483102798461914,71.10615539550781,96.2861328125,44.743465423583984,31.631181716918945,30.054819107055664,131.3289337158203,34.75068283081055,45.81970977783203,42.10273361206055,105.17034912109375,44.90211486816406
2017-05-01,,30.00497055053711,57.04999923706055,61.091827392578125,,30.129467010498047,23.479999542236328,29.911067962646484,17.690282821655273,33.943267822265625,16.228776931762695,30.0,13.707464218139648,41.58026885986328,47.85251235961914,11.1899995803833,32.638893127441406,43.19590377807617,11.13115406036377,26.5,23.053544998168945,36.314998626708984,13.006781578063965,9.046875953674316,39.47505569458008,,36.727657318115234,19.764999389648438,7.868000030517578,86.83349609375,38.63999938964844,53.677738189697266,26.823057174682617,78.51189422607422,31.938840866088867,,92.05000305175781,,10.34830379486084,69.39376831054688,100.43250274658203,46.73908996582031,32.139190673828125,28.266836166381836,134.19500732421875,30.063657760620117,48.92070388793945,42.02693557739258,109.22441101074219,47.82136917114258
2017-06-01,,29.117599487304688,57.04999923706055,60.43041229248047,,27.204105377197266,25.020000457763672,27.947925567626953,15.579376220703125,28.672752380371094,15.606658935546875,34.29999923706055,12.529210090637207,37.438560485839844,49.18962860107422,12.479999542236328,35.14957046508789,47.405181884765625,9.855132102966309,25.829999923706055,23.806150436401367,39.939998626708984,12.290882110595703,7.960383415222168,39.695037841796875,,37.64664077758789,22.301666259765625,7.48799991607666,88.50540924072266,38.93000030517578,58.31840133666992,25.47831153869629,84.02924346923828,31.431215286254883,,101.1500015258789,,10.816633224487305,71.77460479736328,93.5760498046875,46.34516906738281,31.78994369506836,29.920068740844727,150.8145294189453,32.279701232910156,46.075439453125,39.847476959228516,100.51571655273438,45.03940200805664
2017-07-01,,27.420860290527344,62.599998474121094,58.05683135986328,,23.1392822265625,25.75,29.380935668945312,16.384984970092773,33.026649475097656,14.699731826782227,38.099998474121094,14.126480102539062,40.157405853271484,49.21393966674805,13.609999656677246,31.549345016479492,48.46626663208008,10.401651382446289,24.600000381469727,23.085229873657227,39.709999084472656,12.049736022949219,8.05781078338623,42.471336364746094,,39.0687255859375,21.963333129882812,7.381999969482422,94.52810668945312,41.59000015258789,59.065975189208984,29.23831558227539,83.41310119628906,32.904335021972656,,98.19999694824219,,13.167290687561035,72.08858489990234,102.67300415039062,46.19331359863281,34.639976501464844,29.585865020751953,144.36094665527344,33.073951721191406,46.85948944091797,43.18524932861328,100.41915130615234,46.11838912963867
2017-08-01,,31.17513084411621,56.849998474121094,60.205326080322266,,22.135366439819336,21.610000610351562,29.267671585083008,19.102645874023438,34.000553131103516,16.9198055267334,35.849998474121094,14.704082489013672,40.986141204833984,48.865478515625,13.0,32.33209228515625,48.348758697509766,10.728372573852539,22.209999084472656,22.907651901245117,44.42499923706055,12.26073932647705,8.204940795898438,40.093528747558594,,30.667516708374023,22.114999771118164,7.639999866485596,97.4647445678711,40.86000061035156,59.60691452026367,30.15864372253418,91.16903686523438,31.599794387817383,,108.80000305175781,,13.311393737792969,71.34595489501953,103.08087158203125,46.178863525390625,30.842510223388672,28.783767700195312,148.76742553710938,35.23115158081055,47.34220504760742,42.02264404296875,99.16800689697266,46.556026458740234
2017-09-01,,38.35214614868164,54.349998474121094,59.263858795166016,,23.732763290405273,21.969999313354492,31.779664993286133,19.683902740478516,35.6750602722168,16.91036033630371,41.150001525878906,16.436124801635742,47.317543029785156,46.37763214111328,12.75,33.898841857910156,54.61777877807617,11.318827629089355,21.290000915527344,23.831607818603516,48.3849983215332,12.486811637878418,9.28299617767334,42.86836624145508,,36.16303253173828,24.016666412353516,7.168000221252441,103.45413970947266,41.65999984741211,65.15438842773438,29.56357192993164,102.40728759765625,33.535343170166016,,108.0199966430664,,12.64492416381836,75.07604217529297,121.16670227050781,46.636680603027344,34.911224365234375,28.931983947753906,156.90679931640625,36.64315414428711,48.25808334350586,45.475067138671875,102.95902252197266,47.5363883972168
2017-10-01,,43.20832824707031,63.150001525878906,61.23247146606445,,26.451629638671875,21.270000457763672,37.96369934082031,21.10137367248535,41.03255844116211,17.506025314331055,45.20000076293945,18.526159286499023,51.259918212890625,45.34035873413086,10.989999771118164,42.0649528503418,56.009315490722656,10.710949897766113,18.8799991607666,24.938751220703125,46.834999084472656,13.413715362548828,9.53608512878418,45.66611862182617,,32.860069274902344,24.53333282470703,7.881999969482422,113.32588195800781,44.66999816894531,64.77743530273438,28.49957275390625,98.08346557617188,30.071653366088867,,116.29000091552734,,12.5908842086792,71.91642761230469,125.23785400390625,40.12517166137695,35.597904205322266,31.231781005859375,157.0667724609375,36.99614334106445,51.19801330566406,45.498207092285156,108.02072143554688,50.38774490356445
2017-11-01,,41.33607482910156,54.04999923706055,54.09199905395508,,27.589252471923828,21.75,37.64299392700195,19.94649887084961,38.780517578125,21.174043655395508,47.400001525878906,17.083650588989258,48.01690673828125,48.50080871582031,10.890000343322754,40.85441207885742,61.30514907836914,10.73403263092041,19.020000457763672,25.925748825073242,51.04499816894531,13.617181777954102,9.005839347839355,48.181819915771484,,33.22545623779297,24.291667938232422,8.411999702453613,117.79049682617188,43.5,69.9148178100586,29.15373992919922,102.68502807617188,31.44843101501465,,104.19999694824219,,12.536847114562988,74.75526428222656,119.39778137207031,40.25627136230469,45.286746978759766,32.314510345458984,160.9967498779297,37.1628532409668,51.3531379699707,46.63969802856445,113.84744262695312,50.62416076660156
2017-12-01,,40.09763717651367,48.900001525878906,54.89057540893555,,30.38127899169922,20.93000030517578,38.75114059448242,20.721511840820312,40.1220703125,20.40507698059082,46.95000076293945,16.39531707763672,46.51552200317383,48.54132843017578,10.279999732971191,41.52023696899414,65.80889892578125,11.106647491455078,22.3799991607666,25.605587005615234,50.439998626708984,13.55689525604248,9.255118370056152,50.75899887084961,,33.53522491455078,24.156667709350586,8.73799991607666,131.50144958496094,41.599998474121094,72.4875259399414,29.63348388671875,106.23289489746094,35.08600616455078,,109.44999694824219,,17.076047897338867,74.59632110595703,113.96244049072266,41.3332405090332,44.333091735839844,36.33103942871094,173.93603515625,38.34930419921875,52.207061767578125,50.80534744262695,105.54104614257812,51.862735748291016
2018-01-01,,42.632999420166016,46.29999923706055,61.41283416748047,,40.08237838745117,21.280000686645508,40.413333892822266,18.27918815612793,43.92634582519531,22.172815322875977,42.650001525878906,17.058897018432617,48.7994499206543,49.481361389160156,13.739999771118164,40.521480560302734,68.71589660644531,12.684473037719727,25.06999969482422,24.989253997802734,53.619998931884766,13.571967124938965,9.67176342010498,53.29001998901367,,35.831932067871094,26.31166648864746,9.208000183105469,136.47132873535156,46.720001220703125,73.38331604003906,31.995004653930664,111.63788604736328,35.454952239990234,,105.44000244140625,,17.56239891052246,71.93782043457031,99.43753814697266,43.522220611572266,49.45903396606445,38.243202209472656,182.95562744140625,37.74136734008789,58.591453552246094,58.56825256347656,114.42874145507812,57.98575973510742
2018-02-01,,47.5964469909668,61.0,60.07387161254883,,38.775333404541016,23.170000076293945,41.659488677978516,18.939485549926758,43.5937614440918,22.324878692626953,38.5,17.08917999267578,52.49815368652344,47.01782989501953,12.109999656677246,39.0471076965332,65.33450317382812,14.378310203552246,24.31999969482422,23.417654037475586,50.709999084472656,13.639788627624512,10.037774085998535,49.61792755126953,,27.271240234375,28.895000457763672,10.093999862670898,129.63861083984375,47.0099983215332,65.25459289550781,30.170555114746094,109.77316284179688,32.98050308227539,,106.61000061035156,,16.75182342529297,68.53146362304688,89.4928970336914,39.82742691040039,48.695030212402344,38.9592170715332,171.75436401367188,33.77015686035156,54.71086883544922,59.201080322265625,106.11421203613281,54.75375747680664
2018-03-01,,50.843658447265625,63.79999923706055,64.0308609008789,,42.941017150878906,25.899999618530273,44.0175666809082,18.66415023803711,43.89143753051758,20.0145263671875,40.900001525878906,18.141326904296875,50.693214416503906,42.763370513916016,10.050000190734863,39.30802917480469,67.03253936767578,13.61976432800293,21.43000030517578,22.451313018798828,53.435001373291016,12.305953025817871,9.656848907470703,56.62764358520508,,30.729055404663086,30.253332138061523,10.715999603271484,123.56031036376953,52.38999938964844,69.26215362548828,30.96928596496582,108.45850372314453,32.5003776550293,,106.73999786376953,,15.82417106628418,68.84288024902344,82.90966033935547,40.3609504699707,49.611820220947266,37.412654876708984,167.7118377685547,33.6818962097168,51.401214599609375,54.50643539428711,103.71434020996094,51.13862609863281
2018-04-01,,44.83680725097656,50.45000076293945,54.67641067504883,,42.478736877441406,25.75,43.62877655029297,18.29703140258789,31.2549991607666,19.118637084960938,38.099998474121094,16.525074005126953,45.27840042114258,42.57698440551758,10.880000114440918,40.21331024169922,80.15435791015625,13.239276885986328,23.649999618530273,21.758769989013672,54.290000915527344,9.796533584594727,9.012824058532715,58.02183532714844,,32.89720153808594,32.084999084472656,11.071999549865723,121.6377944946289,51.68000030517578,80.3749771118164,31.1436710357666,108.71774291992188,35.37370300292969,,104.19000244140625,,13.736865997314453,72.13509368896484,86.68235778808594,43.62123489379883,53.71739959716797,37.911842346191406,172.66404724121094,31.86787223815918,50.48137283325195,56.99504089355469,91.51728820800781,50.42194747924805
2018-05-01,,56.15814971923828,58.75,57.95185470581055,,41.34871292114258,23.049999237060547,46.9238166809082,20.56344985961914,36.48694610595703,20.52918815612793,43.95000076293945,17.696638107299805,46.47523880004883,38.11993408203125,13.729999542236328,44.723045349121094,88.18379211425781,11.833818435668945,21.09000015258789,22.027841567993164,58.58000183105469,10.467219352722168,10.098876953125,61.57454299926758,,32.13401794433594,34.68166732788086,12.236000061035156,127.99943542480469,58.7400016784668,84.67119598388672,30.858308792114258,118.84112548828125,36.623870849609375,,107.5199966430664,,15.263185501098633,76.18934631347656,83.56229400634766,44.11027526855469,55.12125015258789,41.820621490478516,174.00509643554688,35.30958938598633,54.51659393310547,57.71354293823242,91.7067642211914,53.77538299560547
2018-06-01,,51.13619613647461,57.900001525878906,54.0684814453125,,41.884151458740234,26.510000228881836,42.25693130493164,21.562820434570312,36.64094161987305,20.433881759643555,43.45000076293945,15.518210411071777,42.27434158325195,35.980552673339844,14.989999771118164,43.720703125,80.6386947631836,11.425216674804688,27.5,22.303497314453125,61.60499954223633,10.633007049560547,9.144556999206543,54.66368103027344,,37.55664825439453,34.244998931884766,12.486000061035156,114.3155746459961,59.029998779296875,81.6329345703125,30.000213623046875,112.76459503173828,37.27153396606445,,112.26000213623047,,15.588319778442383,76.44914245605469,84.6321792602539,45.3248176574707,63.35877990722656,39.03679656982422,159.01564025878906,32.75037384033203,55.963260650634766,60.271060943603516,99.55108642578125,55.29498291015625
2018-07-01,,51.477500915527344,52.25,48.99760055541992,,39.02858352661133,25.399999618530273,40.888328552246094,23.587038040161133,41.62649154663086,20.367244720458984,39.20000076293945,17.115367889404297,44.50751495361328,36.45867156982422,18.329999923706055,53.028072357177734,86.11016845703125,12.074286460876465,26.579999923706055,26.900392532348633,65.16500091552734,10.519969940185547,10.472576141357422,62.976993560791016,,37.16267776489258,33.043331146240234,12.581999778747559,121.90885162353516,58.0,89.65013885498047,29.180795669555664,111.23384094238281,39.144386291503906,,124.30000305175781,,14.944849967956543,88.52616882324219,84.51554870605469,49.185264587402344,62.86924743652344,40.00527572631836,172.188720703125,33.40733337402344,60.821678161621094,63.88161087036133,103.89881896972656,60.33108139038086
2018-08-01,,51.214195251464844,67.9000015258789,44.171173095703125,,39.71096420288086,31.579999923706055,41.419219970703125,24.517568588256836,39.64381408691406,19.765125274658203,49.75,15.539759635925293,39.55385208129883,38.897891998291016,25.170000076293945,54.87767791748047,86.36703491210938,12.926681518554688,27.829999923706055,27.3133544921875,73.23999786376953,10.391860961914062,10.432025909423828,64.48479461669922,9.678526878356934,35.4095573425293,38.525001525878906,16.75200080871582,117.71240234375,64.88999938964844,86.74054718017578,24.685937881469727,112.24793243408203,42.2103271484375,,123.51000213623047,,12.725763320922852,95.17738342285156,85.69981384277344,51.21630096435547,70.40353393554688,38.84990310668945,170.84408569335938,33.9172248840332,61.048667907714844,69.82618713378906,108.44879150390625,60.377174377441406
2018-09-01,,44.1054573059082,59.95000076293945,41.23820495605469,,35.587459564208984,31.239999771118164,40.44425582885742,24.75975799560547,35.66979217529297,18.446165084838867,47.29999923706055,13.713998794555664,35.535953521728516,37.57698440551758,30.889999389648438,53.92162322998047,83.34112548828125,12.84307861328125,32.0,28.77235221862793,72.38999938964844,9.886962890625,9.130377769470215,62.66679000854492,9.698420524597168,38.511844635009766,37.543331146240234,18.45400047302246,129.27598571777344,66.27999877929688,82.50272369384766,24.139686584472656,110.56534576416016,43.160770416259766,,134.5399932861328,,12.608016967773438,96.67282104492188,89.82443237304688,53.33246612548828,69.65738677978516,38.55014419555664,169.07745361328125,32.73075866699219,59.82353591918945,70.39277648925781,122.6401596069336,59.15196990966797
2018-10-01,,36.78217315673828,54.650001525878906,30.340442657470703,,30.236190795898438,31.260000228881836,40.093597412109375,23.04401397705078,33.22942352294922,15.732931137084961,37.22999954223633,12.812690734863281,30.230836868286133,32.86061477661133,18.209999084472656,51.12993621826172,66.73883056640625,12.008394241333008,32.38999938964844,26.04183006286621,65.16000366210938,5.923134803771973,8.217430114746094,55.20663070678711,9.658632278442383,30.74382972717285,30.50666618347168,16.43600082397461,103.50651550292969,57.08000183105469,75.25662231445312,24.71520233154297,102.8218765258789,40.323490142822266,,121.81999969482422,,10.591998100280762,97.69083404541016,89.3203125,55.33977127075195,63.95420837402344,33.7814826965332,154.71792602539062,30.593158721923828,54.04972457885742,66.73787689208984,120.06572723388672,53.36796569824219
2018-11-01,,37.60129928588867,44.470001220703125,31.974760055541992,,32.385719299316406,32.619998931884766,42.43723678588867,26.891061782836914,34.51029968261719,15.445314407348633,37.41999816894531,14.189510345458984,34.469058990478516,33.90599822998047,21.299999237060547,50.42327117919922,59.10350036621094,11.81153392791748,30.719999313354492,26.41240119934082,71.125,6.593821048736572,8.920068740844727,51.43436813354492,9.797891616821289,28.54958724975586,28.825000762939453,14.767999649047852,115.74951934814453,61.81999969482422,69.02355194091797,25.850244522094727,99.08525848388672,34.82945251464844,,134.85000610351562,,10.855661392211914,107.41783905029297,86.7096176147461,59.647560119628906,54.48614501953125,30.027990341186523,160.79879760742188,34.417293548583984,54.99484634399414,57.09679412841797,123.26466369628906,54.243255615234375
2018-12-01,,30.941099166870117,42.0099983215332,26.400774002075195,15.270000457763672,29.500118255615234,33.90999984741211,40.388954162597656,22.50079345703125,30.342771530151367,15.58481216430664,32.459999084472656,12.39472770690918,30.271373748779297,29.756887435913086,18.459999084472656,41.824703216552734,55.4566764831543,10.483328819274902,24.739999771118164,24.764698028564453,57.650001525878906,5.734739780426025,8.099204063415527,46.579830169677734,9.74815559387207,21.332958221435547,31.391666412353516,14.086000442504883,108.41224670410156,62.08000183105469,63.58403396606445,27.81192398071289,86.67630004882812,28.11017417907715,,113.18000030517578,,9.37369155883789,104.77404022216797,69.64312744140625,57.84748458862305,48.619529724121094,25.787988662719727,113.6258316040039,29.553932189941406,51.78878402709961,53.17823028564453,121.99842071533203,51.32795715332031
2019-01-01,,37.269752502441406,48.90999984741211,32.12796401977539,16.600000381469727,33.8498420715332,38.09000015258789,40.552467346191406,22.37188148498535,34.800384521484375,17.837343215942383,37.959999084472656,15.435840606689453,36.133331298828125,33.209075927734375,24.40999984741211,45.93248748779297,64.9620590209961,12.372077941894531,28.3799991607666,27.26494026184082,65.28500366210938,7.249434947967529,9.645008087158203,52.302650451660156,9.817785263061523,26.884376525878906,35.8033332824707,15.314000129699707,114.33893585205078,74.0199966430664,70.41846466064453,27.378496170043945,99.7187728881836,34.279685974121094,,123.19000244140625,,10.6287202835083,108.52244567871094,72.9504165649414,56.348487854003906,52.30698776245117,31.410858154296875,125.06379699707031,34.6988639831543,55.79970932006836,58.73824691772461,122.78765869140625,55.33066940307617
2019-02-01,,39.86360168457031,49.75,35.91990661621094,22.600000381469727,35.59278869628906,42.65999984741211,45.867401123046875,25.700719833374023,39.56665802001953,19.204259872436523,42.47999954223633,16.028406143188477,35.63045120239258,31.247974395751953,23.530000686645508,51.342498779296875,60.99005889892578,12.999011039733887,28.899999618530273,28.699975967407227,60.88999938964844,7.942728042602539,10.525476455688477,49.34935760498047,9.877466201782227,27.179264068603516,41.04499816894531,17.357999801635742,117.92815399169922,84.41000366210938,71.71947479248047,27.386516571044922,100.54627990722656,32.07194900512695,,142.1699981689453,,11.779251098632812,114.96395111083984,82.49281311035156,61.54196548461914,53.479942321777344,32.037532806396484,127.47955322265625,34.99342346191406,55.83242416381836,58.96669006347656,128.5701904296875,55.50661087036133
2019-03-01,,40.30241394042969,56.540000915527344,34.70264434814453,20.350000381469727,37.094757080078125,37.34000015258789,46.50830841064453,27.022132873535156,38.60729217529297,19.146495819091797,37.2400016784668,16.394271850585938,36.85718536376953,29.538087844848633,25.520000457763672,50.25652313232422,63.43536376953125,12.332804679870605,27.020000457763672,27.290128707885742,53.099998474121094,7.535795211791992,10.882736206054688,47.6303596496582,9.96699333190918,28.391599655151367,40.47999954223633,16.79400062561035,116.339599609375,87.19999694824219,70.83378601074219,28.827882766723633,94.58839416503906,33.11603927612305,,145.25,,11.770121574401855,118.12274932861328,74.39753723144531,63.392520904541016,56.87574768066406,30.488948822021484,128.2505645751953,37.055328369140625,58.327301025390625,65.15235137939453,122.87354278564453,58.15278625488281
2019-04-01,,41.01426696777344,61.970001220703125,36.91218185424805,26.030000686645508,37.427833557128906,38.36000061035156,44.20454406738281,31.03700828552246,47.48386001586914,24.156312942504883,39.84000015258789,18.997053146362305,40.95551300048828,32.29335403442383,27.6299991607666,51.89688491821289,67.79498291015625,12.636529922485352,30.899999618530273,26.259532928466797,51.560001373291016,8.319518089294434,11.618218421936035,48.442115783691406,10.066462516784668,27.14228630065918,41.4716682434082,18.68400001525879,120.43977355957031,87.02999877929688,70.16392517089844,25.65618324279785,88.22898864746094,32.71656799316406,,140.47000122070312,,11.28257942199707,106.54352569580078,68.11758422851562,59.993106842041016,60.086753845214844,27.385589599609375,133.941650390625,39.90463638305664,59.421104431152344,62.84691619873047,126.56854248046875,58.9046516418457
2019-05-01,,31.799219131469727,40.470001220703125,26.875415802001953,20.780000686645508,32.41629409790039,34.939998626708984,38.37559127807617,27.418092727661133,40.92404556274414,21.53020668029785,31.43000030517578,15.991299629211426,36.139610290527344,34.667747497558594,27.40999984741211,45.349571228027344,53.23319625854492,10.966046333312988,27.260000228881836,23.941904067993164,57.75,6.737000942230225,9.458734512329102,36.982177734375,10.026674270629883,21.50104522705078,33.356666564941406,14.496000289916992,103.49944305419922,75.12999725341797,60.75764083862305,27.332996368408203,79.73271942138672,31.33946418762207,,125.44999694824219,,8.899580955505371,106.1342544555664,57.445274353027344,60.37421417236328,48.82821273803711,21.740768432617188,109.07059478759766,34.1646614074707,54.83873748779297,65.89494323730469,123.44143676757812,54.6992301940918
2019-06-01,,37.630550384521484,53.40999984741211,34.72813034057617,14.640000343322754,37.024147033691406,41.130001068115234,41.712982177734375,23.3894100189209,46.52755355834961,23.0460147857666,36.560001373291016,17.30251121520996,41.94960021972656,35.91572189331055,30.3700008392334,49.01175308227539,64.7342758178711,12.044597625732422,30.700000762939453,27.586318969726562,52.439998626708984,7.211756229400635,10.847216606140137,44.9350700378418,10.086358070373535,23.892799377441406,33.959999084472656,15.366000175476074,117.73587799072266,89.80999755859375,70.33751678466797,31.906997680664062,85.60450744628906,31.99134635925293,17.072500228881836,141.89999389648438,,10.64100456237793,101.41983795166016,64.2251205444336,64.33769989013672,50.89020919799805,26.313064575195312,116.5261459350586,37.57547378540039,53.664146423339844,70.9404525756836,149.17593383789062,53.57316207885742
2019-07-01,,43.77391052246094,56.630001068115234,39.358551025390625,13.100000381469727,36.387699127197266,45.220001220703125,44.04827117919922,26.58473014831543,54.121910095214844,25.414260864257812,39.70000076293945,19.2156982421875,46.115596771240234,36.88816833496094,30.450000762939453,40.37053298950195,64.4620590209961,11.577315330505371,30.309999465942383,25.527515411376953,52.09000015258789,8.402411460876465,12.510087013244629,45.345191955566406,10.136092185974121,20.356313705444336,37.75666809082031,16.062000274658203,114.62008666992188,89.5199966430664,77.12012481689453,30.289663314819336,95.86845397949219,32.4610595703125,22.267499923706055,134.5399932861328,,10.182772636413574,99.73544311523438,66.55109405517578,63.677825927734375,48.61942672729492,27.454458236694336,121.025634765625,36.81787109375,60.3746452331543,70.76844024658203,155.1423797607422,60.30233383178711
2019-08-01,,44.144447326660156,55.7599983215332,41.82713317871094,15.729999542236328,39.45208740234375,40.93000030517578,41.59107208251953,23.72551727294922,51.44155502319336,23.19801139831543,37.5099983215332,19.39071273803711,45.05706787109375,34.238250732421875,31.450000762939453,37.25139617919922,57.55437469482422,11.13420295715332,27.600000381469727,23.2901668548584,46.619998931884766,7.2569708824157715,13.648486137390137,40.01508331298828,10.195775032043457,17.980581283569336,33.936668395996094,15.836000442504883,103.59070587158203,96.86000061035156,74.8465347290039,33.084739685058594,101.43595123291016,30.13347053527832,20.31999969482422,131.1999969482422,,8.461092948913574,103.99520874023438,56.30756759643555,66.34799194335938,39.94957733154297,23.524925231933594,112.56599426269531,33.35450744628906,59.00331115722656,88.34772491455078,160.83416748046875,58.88582229614258
2019-09-01,,41.78462600708008,53.560001373291016,43.55806350708008,15.920000076293945,42.77592086791992,39.22999954223633,45.20539855957031,23.877456665039062,56.33472442626953,24.165803909301758,35.209999084472656,21.395177841186523,46.82108688354492,39.619998931884766,28.989999771118164,42.618465423583984,65.16915130615234,12.314921379089355,26.6299991607666,23.850467681884766,43.2599983215332,7.889976978302002,14.714340209960938,49.39883041381836,10.146040916442871,21.339962005615234,33.9716682434082,15.35200023651123,109.95413208007812,97.25,77.70745849609375,31.566631317138672,103.88643646240234,33.512229919433594,14.577500343322754,132.3699951171875,33.90999984741211,8.810955047607422,102.94578552246094,63.7520637512207,65.02014923095703,43.64859390258789,26.18039321899414,103.72158813476562,37.23117446899414,60.520347595214844,88.24043273925781,154.4237518310547,60.417320251464844
2019-10-01,,46.367767333984375,62.65999984741211,38.05746078491211,16.75,46.14773941040039,37.119998931884766,49.59172439575195,24.351686477661133,59.5546875,23.666353225708008,33.150001525878906,25.09172821044922,50.91206359863281,39.0,33.93000030517578,48.573280334472656,74.14482116699219,13.321551322937012,26.959999084472656,24.778730392456055,53.08000183105469,8.854558944702148,15.599325180053711,52.00090026855469,10.215669631958008,18.25902557373047,37.89833450317383,16.312000274658203,120.899169921875,100.91000366210938,88.65021514892578,33.0733642578125,110.3740463256836,33.18671798706055,12.477499961853027,129.97999572753906,33.59000015258789,9.091861724853516,104.8973388671875,55.700523376464844,66.93568420410156,46.88792419433594,26.672372817993164,108.77336120605469,41.4172248840332,62.38679885864258,88.24043273925781,163.98687744140625,62.45486068725586
2019-11-01,,46.32876968383789,73.66000366210938,37.084842681884766,20.360000610351562,47.45988082885742,37.959999084472656,51.2054328918457,22.325838088989258,60.97371292114258,25.587614059448242,29.190000534057617,24.701974868774414,54.51533126831055,42.06999969482422,39.150001525878906,49.33490753173828,73.66165924072266,12.850708961486816,32.939998626708984,24.45218849182129,60.470001220703125,8.944989204406738,15.194437980651855,49.71766662597656,10.175880432128906,18.781673431396484,37.869998931884766,21.02199935913086,126.97924041748047,107.02999877929688,87.71757507324219,31.966217041015625,108.78850555419922,31.18082618713379,14.5,145.25,40.77000045776367,10.536190032958984,108.6485595703125,59.9555549621582,67.33731842041016,50.84000015258789,29.633045196533203,114.03888702392578,41.01339340209961,64.63140106201172,103.79150390625,166.82864379882812,64.67774963378906
2019-12-01,,52.44287109375,79.30000305175781,46.766841888427734,19.559999465942383,47.83174133300781,42.689998626708984,52.79319763183594,23.661056518554688,66.42911529541016,25.830463409423828,33.66999816894531,27.185791015625,57.47176742553711,43.310001373291016,45.86000061035156,48.128089904785156,72.24227905273438,12.973031997680664,32.7400016784668,24.511125564575195,62.869998931884766,9.510172843933105,16.52137565612793,49.39790344238281,10.971648216247559,21.571950912475586,38.54166793823242,21.351999282836914,129.56739807128906,102.62999725341797,85.18669891357422,36.29916000366211,109.87995147705078,34.851173400878906,12.467499732971191,152.75999450683594,37.779998779296875,12.147171020507812,121.68452453613281,67.35749053955078,70.73094940185547,52.23288345336914,30.114694595336914,108.19705963134766,40.146488189697266,66.38088989257812,106.44834899902344,152.63900756835938,66.26675415039062
2020-01-01,,51.77003860473633,75.7699966430664,48.64583206176758,20.510000228881836,45.81396484375,40.66999816894531,56.392127990722656,22.45475196838379,64.28589630126953,23.379676818847656,33.650001525878906,27.725971221923828,54.60005187988281,39.90999984741211,47.0,44.79724884033203,65.03732299804688,11.394350051879883,29.260000228881836,22.47344398498535,62.810001373291016,9.90956974029541,15.368768692016602,44.68358612060547,12.334400177001953,23.309843063354492,39.130001068115234,23.07200050354004,116.04859924316406,92.98999786376953,69.86363220214844,37.644187927246094,101.55288696289062,31.9185848236084,15.272500038146973,154.5800018310547,46.209999084472656,10.315073013305664,129.28578186035156,74.0342025756836,66.44588470458984,45.155174255371094,26.434406280517578,103.49595642089844,38.608089447021484,71.00934600830078,91.943603515625,154.7410125732422,71.08476257324219
2020-02-01,,51.253204345703125,77.81999969482422,41.263545989990234,25.93000030517578,38.5467529296875,38.45000076293945,49.21492004394531,18.628650665283203,57.32694625854492,20.714942932128906,29.690000534057617,27.28155517578125,54.894901275634766,34.91999816894531,45.47999954223633,40.76165008544922,51.70630645751953,10.461860656738281,25.700000762939453,20.267120361328125,53.02000045776367,8.372267723083496,14.323633193969727,39.269283294677734,11.727627754211426,21.169145584106445,30.770000457763672,20.41200065612793,109.76686096191406,94.76000213623047,57.81568145751953,37.28495788574219,90.96080780029297,28.333209991455078,14.90999984741211,155.57000732421875,45.150001525878906,9.25568675994873,117.3828125,75.48204803466797,59.539974212646484,39.50654983520508,23.55917739868164,101.01301574707031,37.602203369140625,66.37394714355469,86.00403594970703,156.81881713867188,66.3812484741211
2020-03-01,,41.01426696777344,73.69999694824219,30.910526275634766,29.950000762939453,39.865482330322266,39.810001373291016,47.97391128540039,18.209671020507812,52.84889221191406,22.00840187072754,28.5,22.447776794433594,43.277435302734375,31.969999313354492,45.47999954223633,35.375431060791016,35.40224075317383,8.028995513916016,19.440000534057617,17.447052001953125,59.40999984741211,6.314995765686035,13.394567489624023,19.56011199951172,8.604240417480469,3.5508434772491455,27.32666778564453,20.233999252319336,102.52210998535156,83.68000030517578,41.434837341308594,37.93477249145508,86.98997497558594,6.042667865753174,13.920000076293945,126.20999908447266,35.97999954223633,6.272678375244141,129.0996856689453,52.271610260009766,60.329811096191406,35.253170013427734,20.189579010009766,87.20285034179688,31.29079246520996,57.58686447143555,77.62908172607422,127.4502182006836,57.63237380981445
2020-04-01,,46.699317932128906,80.91000366210938,34.67119598388672,45.9900016784668,40.80493927001953,46.25,53.168418884277344,19.6553897857666,61.0147590637207,26.077816009521484,34.41999816894531,23.876956939697266,46.92323303222656,31.549999237060547,52.38999938964844,32.22987365722656,49.44294357299805,8.318403244018555,22.420000076293945,18.695697784423828,66.58000183105469,7.354936122894287,15.290901184082031,26.565980911254883,10.533977508544922,11.1441068649292,32.75166702270508,21.54800033569336,103.76649475097656,96.7699966430664,56.51046371459961,49.83127975463867,95.37489318847656,11.426790237426758,16.915000915527344,144.6699981689453,45.119998931884766,8.205591201782227,143.9156036376953,56.96371841430664,62.211692810058594,37.461456298828125,21.739179611206055,91.16529083251953,35.91496658325195,66.74317169189453,91.63187408447266,145.95045471191406,66.84365844726562
2020-05-01,,46.71883010864258,73.31999969482422,33.38456726074219,61.5,43.3292121887207,55.2599983215332,56.098514556884766,22.855321884155273,65.4898681640625,31.81220817565918,47.529998779296875,25.597013473510742,53.273834228515625,31.15999984741211,53.79999923706055,35.93819808959961,52.82805633544922,8.028995513916016,21.75,19.542526245117188,66.25,7.317256927490234,16.476255416870117,29.59108543395996,12.6626558303833,9.193034172058105,39.211666107177734,27.84000015258789,107.11006927490234,108.12999725341797,61.2093505859375,48.98511505126953,113.17716217041016,15.773555755615234,21.952499389648438,179.66000366210938,71.2699966430664,8.428621292114258,143.01292419433594,70.95658874511719,63.29378128051758,38.12046432495117,23.790382385253906,93.89083099365234,36.47800064086914,71.0460205078125,102.68570709228516,153.97048950195312,70.82157135009766
2020-06-01,,50.23905944824219,81.43000030517578,33.21903610229492,64.20999908447266,40.05833053588867,54.15999984741211,53.335044860839844,25.29555320739746,82.5805435180664,34.1917839050293,47.220001220703125,30.37396812438965,57.32296371459961,27.959999084472656,52.61000061035156,39.580589294433594,46.62885284423828,8.129707336425781,21.100000381469727,22.209367752075195,63.54999923706055,7.7241902351379395,18.21040153503418,31.477371215820312,13.488264083862305,11.501944541931152,38.2783317565918,27.45400047302246,112.7896728515625,100.77999877929688,56.235015869140625,51.946773529052734,113.81082916259766,17.695653915405273,25.072500228881836,174.35000610351562,86.94999694824219,10.751836776733398,153.5133056640625,71.9266357421875,61.11760330200195,37.9749755859375,23.601503372192383,101.32157897949219,38.79943084716797,70.2793197631836,100.67112731933594,144.12864685058594,70.06278228759766
2020-07-01,,48.81536865234375,92.83000183105469,32.42900848388672,74.0999984741211,37.418678283691406,59.5099983215332,42.548580169677734,27.547014236450195,86.92896270751953,35.62294387817383,50.720001220703125,35.41657257080078,61.002262115478516,27.299999237060547,77.43000030517578,48.2834587097168,44.57566833496094,8.246681213378906,21.100000381469727,26.582639694213867,65.25,8.658628463745117,18.71135711669922,32.16788101196289,14.42329216003418,13.10222053527832,42.6533317565918,27.65999984741211,119.36551666259766,99.88999938964844,48.50758743286133,58.22346115112305,122.3792495727539,16.20211410522461,28.299999237060547,198.99000549316406,93.86000061035156,12.00637149810791,140.5257110595703,76.81739044189453,63.41752624511719,38.33555603027344,24.795602798461914,121.6842041015625,39.531307220458984,73.74360656738281,105.66565704345703,153.75599670410156,73.49996185302734
2020-08-01,,44.37849044799805,86.0,28.907711029052734,64.88999938964844,39.71079635620117,56.77000045776367,45.72748565673828,30.424650192260742,83.03006744384766,37.87928771972656,44.5,31.58344268798828,58.607566833496094,29.3799991607666,90.81999969482422,49.31024932861328,42.429569244384766,8.079575538635254,22.06999969482422,28.022666931152344,61.31999969482422,8.183873176574707,19.291259765625,30.315471649169922,16.14413833618164,12.632761001586914,42.901668548583984,26.402000427246094,127.83645629882812,98.5199966430664,46.38683319091797,56.60801696777344,133.1875762939453,15.076475143432617,31.4325008392334,218.9499969482422,83.55000305175781,14.506150245666504,139.4254913330078,84.78234100341797,67.39298248291016,41.00952911376953,26.704349517822266,158.8542022705078,50.687503814697266,80.7603759765625,127.55551147460938,171.77906799316406,80.99488830566406
2020-09-01,,45.792449951171875,75.12999725341797,27.50069808959961,70.75,41.32694625854492,39.689998626708984,46.472408294677734,31.165922164916992,77.73693084716797,38.77792739868164,40.560001373291016,31.273204803466797,56.56201171875,24.889999389648438,81.98999786376953,50.12770462036133,34.950538635253906,7.928119659423828,21.770000457763672,27.97949981689453,58.33000183105469,8.394875526428223,18.21921157836914,25.083364486694336,17.22837257385254,8.083260536193848,40.79166793823242,23.562000274658203,133.98077392578125,98.77999877929688,41.126956939697266,53.589229583740234,119.76838684082031,12.435211181640625,34.33000183105469,226.4499969482422,102.16000366210938,14.534028053283691,139.07786560058594,83.4994125366211,66.03619384765625,37.9375,26.117023468017578,182.26568603515625,52.32944107055664,72.63592529296875,132.7939910888672,171.5858612060547,72.83780670166016
2020-10-01,,49.088401794433594,82.69000244140625,28.388545989990234,67.47000122070312,40.11070251464844,39.38999938964844,39.74117660522461,27.744997024536133,85.94500732421875,36.690433502197266,45.470001220703125,32.246986389160156,56.352699279785156,23.15999984741211,75.29000091552734,44.57093811035156,31.1505184173584,7.310454845428467,20.239999771118164,27.59964942932129,59.099998474121094,10.6631498336792,18.54270362854004,25.22015380859375,17.556623458862305,7.103067398071289,36.8650016784668,22.073999404907227,141.93902587890625,104.87000274658203,37.01742935180664,53.07402801513672,115.3711166381836,14.316437721252441,30.959999084472656,227.6999969482422,90.75,16.11381721496582,122.57872772216797,87.17495727539062,59.87440872192383,38.394065856933594,28.71686553955078,188.02671813964844,61.80339050292969,80.09526062011719,128.40750122070312,163.12156677246094,80.3421401977539
2020-11-01,,62.49654006958008,86.37999725341797,33.7682991027832,152.74000549316406,49.328948974609375,44.79999923706055,43.709625244140625,31.78288459777832,108.04705810546875,45.278594970703125,67.6500015258789,42.67106628417969,78.70610046386719,23.770000457763672,92.66000366210938,49.151153564453125,44.15896224975586,9.341134071350098,26.90999984741211,32.50335693359375,61.650001525878906,12.230594635009766,23.78690528869629,33.719486236572266,18.61101722717285,11.031149864196777,48.98666763305664,24.645999908447266,156.88755798339844,120.04000091552734,48.8083610534668,49.678775787353516,128.47821044921875,20.961761474609375,38.31999969482422,234.52000427246094,98.91999816894531,21.73598861694336,137.55418395996094,127.16642761230469,63.9981689453125,46.63448715209961,33.03169631958008,207.67214965820312,67.65409851074219,86.9489974975586,152.0712890625,175.80780029296875,87.26759338378906
2020-12-01,,73.31080627441406,94.80000305175781,41.67616271972656,104.47000122070312,52.68148422241211,52.849998474121094,45.03853988647461,33.744285583496094,117.39859771728516,46.56041717529297,75.95999908447266,44.633724212646484,82.35130310058594,21.190000534057617,91.70999908447266,51.36534881591797,46.45847702026367,10.127091407775879,30.09000015258789,31.26994514465332,60.029998779296875,13.549359321594238,24.442066192626953,35.87031555175781,18.581159591674805,12.143675804138184,59.231666564941406,29.70599937438965,164.50648498535156,132.08999633789062,56.34958267211914,50.922088623046875,129.7793426513672,23.53069305419922,52.95500183105469,249.86000061035156,98.44000244140625,24.180009841918945,159.4552459716797,138.3422088623047,65.63494873046875,57.945396423339844,33.866554260253906,188.55673217773438,71.35731506347656,86.86178588867188,149.53013610839844,172.84674072265625,86.82845306396484
2021-01-01,,76.32398223876953,93.80000305175781,42.45867156982422,173.16000366210938,56.03764343261719,53.38999938964844,50.18244934082031,33.560115814208984,111.12181854248047,50.39964294433594,84.06999969482422,45.73758316040039,92.25634002685547,20.940000534057617,85.63999938964844,54.0672492980957,46.343509674072266,10.545849800109863,41.41999816894531,31.157028198242188,60.29999923706055,13.293142318725586,26.439653396606445,37.4313850402832,20.024261474609375,12.238211631774902,58.45833206176758,28.950000762939453,166.1267547607422,141.58999633789062,54.62540817260742,50.675506591796875,127.8893814086914,24.501117706298828,53.95000076293945,259.04998779296875,102.75,25.007078170776367,196.4102325439453,152.54025268554688,61.83967590332031,58.55119705200195,31.47835350036621,170.9226531982422,69.8215560913086,90.56492614746094,153.46044921875,181.73672485351562,90.98482513427734
2021-02-01,,89.25430297851562,90.0,51.56287384033203,154.80999755859375,62.0634765625,52.16999816894531,55.28017807006836,37.32636642456055,126.02787780761719,47.2851676940918,84.30000305175781,53.60451889038086,112.99620056152344,22.700000762939453,84.51000213623047,60.41720199584961,64.19432830810547,12.443076133728027,53.029998779296875,33.42329406738281,58.540000915527344,13.707611083984375,29.4615478515625,47.921138763427734,20.83041000366211,16.90895652770996,59.71833419799805,33.77000045776367,196.1466064453125,141.52000427246094,67.67293548583984,46.23715591430664,139.7669219970703,27.687955856323242,54.0,286.1400146484375,95.41000366210938,31.51207733154297,194.30950927734375,147.42935180664062,58.26905822753906,55.16712951660156,38.19288635253906,184.83816528320312,83.07844543457031,100.20693969726562,155.93722534179688,195.77313232421875,100.95292663574219
2021-03-01,,86.016845703125,91.3499984741211,50.22357177734375,130.9499969482422,65.62572479248047,54.720001220703125,58.20880889892578,40.58615493774414,119.23699188232422,47.97074508666992,68.37000274658203,56.392066955566406,127.72900390625,24.0,78.5,73.04422760009766,59.707881927490234,13.561394691467285,43.459999084472656,38.02947235107422,63.90999984741211,13.798041343688965,31.276208877563477,46.92973327636719,19.90483283996582,15.340614318847656,53.676666259765625,36.88399887084961,210.6750030517578,143.39999389648438,66.44252014160156,51.74625015258789,159.94168090820312,28.42200469970703,45.627498626708984,289.8299865722656,83.33999633789062,30.601383209228516,177.1726837158203,137.3717041015625,62.39918899536133,64.04145812988281,46.87016677856445,206.82958984375,87.17046356201172,102.21959686279297,168.37368774414062,209.56719970703125,102.52754211425781
2021-04-01,,83.93003845214844,85.05000305175781,53.1429328918457,178.82000732421875,79.38359832763672,50.470001220703125,52.32426452636719,45.273231506347656,122.5687255859375,44.33124542236328,67.13999938964844,58.780418395996094,126.87812042236328,24.450000762939453,81.62000274658203,80.45902252197266,61.67592239379883,13.802639961242676,37.65999984741211,38.641292572021484,61.7400016784668,13.112282752990723,29.851547241210938,48.82482147216797,22.59198760986328,17.16559410095215,58.89833450317383,40.84600067138672,208.19557189941406,144.35000610351562,65.9291763305664,53.583595275878906,162.45396423339844,31.14403533935547,52.127498626708984,332.45001220703125,85.7699966430664,35.121456146240234,173.33180236816406,158.11236572265625,60.30274963378906,66.25330352783203,50.06502151489258,211.3952178955078,95.81524658203125,116.6407241821289,176.1858673095703,215.71237182617188,119.45282745361328
2021-05-01,,82.04805755615234,81.37000274658203,56.60403823852539,185.00999450683594,82.4859619140625,52.869998931884766,52.271339416503906,45.41596984863281,129.79443359375,47.361175537109375,67.37000274658203,61.56572723388672,132.2908172607422,26.489999771118164,80.08000183105469,81.10243225097656,67.89387512207031,13.750944137573242,32.11000061035156,38.344505310058594,73.5999984741211,13.767897605895996,30.08858299255371,54.73659133911133,24.701900482177734,17.852222442626953,60.54166793823242,43.70800018310547,220.0332489013672,142.3800048828125,69.35983276367188,63.0880241394043,163.52635192871094,34.887786865234375,55.537498474121094,337.989990234375,91.05000305175781,39.78756332397461,190.26251220703125,157.08755493164062,61.4278564453125,68.63058471679688,57.645877838134766,229.23536682128906,94.5362548828125,116.8067398071289,193.52488708496094,214.40176391601562,119.52418518066406
2021-06-01,,82.8671646118164,82.02999877929688,53.54923629760742,234.97999572753906,75.74922180175781,56.88999938964844,51.37452697753906,45.890201568603516,131.37338256835938,57.196231842041016,72.58999633789062,61.76974868774414,136.3803253173828,24.290000915527344,93.93000030517578,77.08155059814453,65.93475341796875,12.658585548400879,30.68000030517578,35.94523239135742,72.93000030517578,13.466465950012207,30.783613204956055,53.514320373535156,27.17009735107422,18.564586639404297,61.84166717529297,47.63800048828125,198.6304931640625,154.41000366210938,70.67753601074219,54.82415771484375,155.3376007080078,39.9063720703125,62.82749938964844,369.9200134277344,104.08000183105469,34.56264877319336,218.62948608398438,158.74008178710938,66.53821563720703,72.57791137695312,55.27787399291992,217.77293395996094,89.85646057128906,121.01641082763672,206.1638946533203,188.965576171875,124.22078704833984
2021-07-01,,75.65115356445312,83.98999786376953,48.854183197021484,353.6000061035156,75.72340393066406,58.13999938964844,49.15995788574219,44.485923767089844,124.54771423339844,59.396728515625,69.80999755859375,60.50815963745117,134.01473999023438,22.299999237060547,106.19000244140625,73.12916564941406,56.55289840698242,12.589129447937012,29.010000228881836,36.7889289855957,68.61000061035156,13.541824340820312,33.05766677856445,48.908653259277344,27.906574249267578,16.11568832397461,66.50833129882812,54.448001861572266,189.7129669189453,164.5500030517578,60.47367858886719,54.33975601196289,160.5806884765625,37.893985748291016,63.40250015258789,406.9200134277344,110.69999694824219,35.559326171875,231.94618225097656,194.15171813964844,65.7682113647461,71.03018951416016,59.77616882324219,204.35604858398438,90.18388366699219,133.5423583984375,222.6321258544922,192.27659606933594,134.03921508789062
2021-08-01,,71.86760711669922,86.63999938964844,47.55250549316406,376.69000244140625,75.45632934570312,57.130001068115234,49.792564392089844,44.872676849365234,119.19183349609375,60.0642204284668,62.97999954223633,57.41444778442383,129.65438842773438,27.0,110.72000122070312,74.44745635986328,56.80218505859375,13.422614097595215,28.84000015258789,35.35368728637695,62.97999954223633,14.001506805419922,32.382572174072266,53.02253723144531,28.035961151123047,16.743127822875977,76.83999633789062,63.02799987792969,193.49346923828125,179.3800048828125,59.28921127319336,50.161773681640625,169.41575622558594,39.52277374267578,70.25,443.8599853515625,137.8000030517578,33.96335983276367,246.82882690429688,223.08038330078125,65.2719955444336,79.36569213867188,62.59569549560547,193.94662475585938,101.29566192626953,143.42572021484375,211.35560607910156,198.9383087158203,144.19070434570312
2021-09-01,,69.31198120117188,83.54000091552734,42.46619415283203,384.8599853515625,71.66753387451172,51.349998474121094,49.07413864135742,47.902252197265625,107.14899444580078,59.200416564941406,59.36000061035156,54.16099548339844,123.51371765136719,25.510000228881836,102.9000015258789,69.88143157958984,60.45138168334961,12.474181175231934,25.3799991607666,32.25946807861328,62.310001373291016,13.323286056518555,31.86344337463379,55.294803619384766,23.975372314453125,18.419160842895508,79.83333587646484,58.40800094604492,176.15089416503906,164.2899932861328,58.40517807006836,47.41738510131836,159.69393920898438,44.28314208984375,61.44499969482422,412.6700134277344,141.35000610351562,30.360759735107422,220.79754638671875,206.68023681640625,64.83831024169922,80.10643005371094,54.468109130859375,160.52862548828125,112.9818344116211,132.50106811523438,195.772216796875,183.2710723876953,132.10079956054688
2021-10-01,,67.47615814208984,82.58000183105469,39.34368133544922,345.2099914550781,77.35613250732422,54.290000915527344,45.13199996948242,50.641746520996094,135.68081665039062,67.30306243896484,60.5099983215332,53.630001068115234,131.11280822753906,23.459999084472656,120.2300033569336,89.62501525878906,66.24210357666016,12.824334144592285,23.440000534057617,31.446134567260742,71.23999786376953,12.735493659973145,35.506900787353516,58.98052215576172,25.55780792236328,22.57940101623535,84.84833526611328,67.26799774169922,188.23240661621094,180.02000427246094,62.366676330566406,47.15541076660156,188.31509399414062,49.28638458251953,70.44999694824219,448.67999267578125,167.0500030517578,35.27853775024414,243.45545959472656,236.4122314453125,76.00870513916016,80.14033508300781,61.54672622680664,172.41688537597656,120.38690185546875,146.74478149414062,222.17236328125,186.6226348876953,146.97462463378906
2021-11-01,,82.02603149414062,86.7699966430664,43.51957702636719,352.42999267578125,89.16756439208984,60.22999954223633,45.63134765625,51.298004150390625,150.14048767089844,69.9263916015625,62.529998779296875,64.6953353881836,141.45372009277344,27.3700008392334,158.3699951171875,93.07853698730469,58.07205581665039,12.561720848083496,23.270000457763672,32.99711227416992,71.41000366210938,12.886208534240723,38.975181579589844,54.917720794677734,25.52781867980957,22.20035743713379,91.15666961669922,66.4219970703125,178.3968048095703,194.47999572753906,58.368431091308594,47.95879364013672,182.83717346191406,46.54576110839844,54.28499984741211,365.8699951171875,178.2899932861328,34.67995834350586,237.8032989501953,251.53309631347656,64.6656723022461,79.7634048461914,55.69754409790039,168.63958740234375,112.94212341308594,140.65032958984375,209.3814239501953,189.3020477294922,141.20701599121094
2021-12-01,,91.05797576904297,105.7699966430664,49.06486129760742,253.97999572753906,98.77936553955078,76.97000122070312,47.764522552490234,51.02546691894531,160.6101531982422,85.96125793457031,68.33000183105469,68.58538055419922,151.22735595703125,26.350000381469727,143.89999389648438,97.07167053222656,65.15973663330078,13.911911964416504,23.540000915527344,33.12165451049805,82.4000015258789,13.813112258911133,41.0742073059082,57.75160598754883,24.860748291015625,23.16520881652832,92.7933349609375,71.87999725341797,190.75128173828125,206.50999450683594,61.14466857910156,54.692298889160156,195.5006866455078,47.0956916809082,51.1875,376.7799987792969,178.11000061035156,39.02898025512695,264.82025146484375,221.00897216796875,66.78675079345703,82.55439758300781,58.0538215637207,189.91505432128906,113.8156509399414,143.578857421875,198.73373413085938,192.2835235595703,143.4150390625
2022-01-01,,80.42233276367188,101.4800033569336,38.92985534667969,169.3300018310547,93.6821517944336,66.30999755859375,45.278907775878906,51.60686111450195,115.3332748413086,70.20246887207031,63.400001525878906,56.26069259643555,132.7947998046875,23.690000534057617,114.25,88.08464050292969,71.97847747802734,14.40593147277832,27.90999984741211,37.400875091552734,77.76000213623047,12.192915916442871,37.174102783203125,64.75509643554688,20.76873207092285,28.720645904541016,86.23332977294922,59.448001861572266,186.874267578125,168.82000732421875,71.54922485351562,53.9427375793457,184.1570587158203,53.58694839477539,45.15999984741211,329.760009765625,146.11000061035156,34.92694091796875,235.26263427734375,208.69027709960938,71.00448608398438,78.05776977539062,51.92763137817383,180.53094482421875,102.0258560180664,134.11428833007812,189.27964782714844,183.33084106445312,134.51254272460938
2022-02-01,,86.86434936523438,98.86000061035156,38.32792282104492,153.60000610351562,90.19367218017578,68.41999816894531,44.57715606689453,46.292640686035156,115.92157745361328,67.18396759033203,69.45999908447266,53.53597640991211,129.20248413085938,24.34000015258789,123.33999633789062,84.35640716552734,73.27664184570312,14.044238090515137,28.049999237060547,36.183013916015625,82.62000274658203,12.426526069641113,33.37060546875,70.79717254638672,12.963034629821777,30.813507080078125,99.04166412353516,68.90399932861328,173.91285705566406,157.3699951171875,71.8445053100586,58.37843704223633,194.49205017089844,59.2921257019043,48.8025016784668,291.1600036621094,161.11000061035156,44.0574836730957,240.6348114013672,185.19679260253906,66.73445129394531,70.7220687866211,66.0132064819336,163.2091827392578,108.20384216308594,133.8699493408203,172.28265380859375,183.5944366455078,133.71212768554688
2022-03-01,,76.14070129394531,97.5999984741211,37.35730743408203,172.25999450683594,79.18804168701172,60.630001068115234,46.31538391113281,45.593170166015625,116.22630310058594,70.50727081298828,72.48999786376953,51.43640899658203,126.891845703125,24.34000015258789,109.33999633789062,87.45637512207031,89.09722137451172,14.85001277923584,24.920000076293945,33.057289123535156,84.19000244140625,13.978899955749512,35.05207443237305,77.7341537475586,13.93874454498291,35.742977142333984,103.75166320800781,68.3479995727539,206.5852813720703,157.97000122070312,73.67814636230469,70.56299591064453,192.44107055664062,68.45306396484375,56.77000045776367,283.9700012207031,151.47000122070312,46.675594329833984,275.6975402832031,209.51063537597656,72.13721466064453,74.89067840576172,78.34827423095703,170.48361206054688,130.7206268310547,137.84523010253906,183.01959228515625,193.44378662109375,138.42901611328125
2022-04-01,,66.74964904785156,81.20999908447266,39.93056869506836,134.41000366210938,72.26458740234375,55.16999816894531,40.736228942871094,43.00355911254883,103.6727523803711,57.15744400024414,61.209999084472656,44.56208419799805,106.24063110351562,23.350000381469727,85.5199966430664,82.94647216796875,97.81916046142578,13.694719314575195,18.149999618530273,31.51683235168457,80.55000305175781,12.426526069641113,30.570730209350586,79.33428955078125,12.475176811218262,35.49713897705078,93.54666900634766,57.801998138427734,196.1360626220703,140.27000427246094,73.99370574951172,64.70124816894531,163.74598693847656,66.8961181640625,49.689998626708984,241.50999450683594,120.77999877929688,38.171058654785156,281.2428283691406,182.68112182617188,77.97501373291016,66.50996398925781,80.52696990966797,146.42771911621094,115.25720977783203,113.10655975341797,197.18890380859375,196.83238220214844,113.96174621582031
2022-05-01,,72.2802963256836,86.08000183105469,45.6639518737793,145.3300018310547,74.58120727539062,50.81999969482422,41.840023040771484,45.68385314941406,107.52330017089844,58.210445404052734,62.5,49.75440979003906,113.19829559326172,24.030000686645508,101.86000061035156,88.30368041992188,114.64750671386719,13.863569259643555,18.450000762939453,32.32891082763672,81.44000244140625,12.863601684570312,35.05282211303711,93.10430908203125,10.941916465759277,40.770103454589844,83.79666900634766,58.827999114990234,201.08279418945312,145.60000610351562,86.8601303100586,60.26054382324219,165.79510498046875,65.62944793701172,39.997501373291016,234.0800018310547,95.38999938964844,36.78730773925781,302.7755126953125,246.71377563476562,80.9114990234375,65.32958221435547,80.17949676513672,165.46615600585938,118.25839233398438,112.7621078491211,140.1815643310547,204.88949584960938,113.0423355102539
2022-06-01,,54.112335205078125,79.41999816894531,33.73067855834961,142.85000610351562,63.54891586303711,45.70000076293945,35.2371826171875,42.27173614501953,88.12660217285156,42.838558197021484,50.95000076293945,40.90961456298828,87.80613708496094,19.299999237060547,76.47000122070312,81.8373794555664,94.01802825927734,11.881155967712402,13.420000076293945,28.43897247314453,84.61000061035156,10.904294967651367,30.655487060546875,75.195068359375,8.184035301208496,30.267534255981445,82.32333374023438,56.58000183105469,166.53028869628906,137.85000610351562,70.6444091796875,53.42861557006836,151.27911376953125,54.37530517578125,42.13999938964844,213.97000122070312,95.23999786376953,27.54340934753418,313.1984558105469,198.2899627685547,80.81137084960938,59.23699188232422,62.43594741821289,167.8817596435547,124.6317138671875,108.00528717041016,122.29947662353516,180.87460327148438,108.4166259765625
2022-07-01,,60.67190170288086,90.45999908447266,36.943485260009766,164.08999633789062,71.14559173583984,51.599998474121094,34.20106887817383,41.53928756713867,99.28633117675781,54.87069320678711,52.63999938964844,48.04802322387695,102.28286743164062,19.760000228881836,94.47000122070312,103.99203491210938,97.99000549316406,12.759248733520508,15.0,33.17729568481445,92.97000122070312,12.660136222839355,36.84846496582031,83.83869171142578,11.370034217834473,32.35177230834961,83.18333435058594,59.650001525878906,185.97323608398438,162.60000610351562,76.68436431884766,40.54378890991211,176.06484985351562,63.310272216796875,45.900001525878906,250.5399932861328,102.01000213623047,29.868515014648438,318.47265625,231.81271362304688,79.18931579589844,65.28203582763672,73.50735473632812,172.60623168945312,137.94607543945312,115.2976303100586,141.48048400878906,198.5242462158203,115.62062072753906
2022-08-01,,55.444271087646484,83.55000305175781,31.796977996826172,132.27000427246094,59.563751220703125,50.7400016784668,30.36957359313965,35.298255920410156,83.39933013916016,46.13947677612305,47.22999954223633,42.03853225708008,91.02051544189453,18.40999984741211,84.87000274658203,98.88475799560547,104.51385498046875,12.185800552368164,13.239999771118164,31.220434188842773,89.73999786376953,13.42125129699707,33.17786407470703,92.71444702148438,11.479552268981934,34.0402946472168,92.80166625976562,48.689998626708984,173.27169799804688,163.88999938964844,77.92660522460938,37.033817291259766,167.55377197265625,62.504127502441406,45.65250015258789,205.25,104.94999694824219,28.022443771362305,291.93084716796875,254.25291442871094,75.6615219116211,66.01421356201172,76.1878890991211,156.10760498046875,140.50157165527344,107.26881408691406,139.7182159423828,209.4178466796875,108.1960678100586
2022-09-01,,49.13777160644531,68.56999969482422,24.491044998168945,118.25,47.89087677001953,40.43000030517578,24.518293380737305,31.500160217285156,74.04843139648438,42.28630828857422,34.849998474121094,35.2713508605957,79.27404022216797,16.469999313354492,63.36000061035156,95.91842651367188,95.34928131103516,10.831544876098633,11.5,26.399099349975586,77.80999755859375,12.554635047912598,29.17681884765625,91.40769958496094,9.677472114562988,29.758054733276367,81.8949966430664,49.130001068115234,153.9192352294922,157.36000061035156,70.31339263916016,38.13661193847656,150.60777282714844,55.2762451171875,41.20249938964844,196.8000030517578,88.77999877929688,25.873424530029297,313.36798095703125,251.23617553710938,76.9505615234375,56.605838775634766,67.2813720703125,110.54705047607422,126.73948669433594,94.8093032836914,129.30516052246094,198.39688110351562,95.30968475341797
2022-10-01,,53.17290115356445,74.44999694824219,25.860435485839844,150.3300018310547,44.678955078125,47.900001525878906,27.049091339111328,35.7418327331543,80.15754699707031,39.151832580566406,33.61000061035156,39.008567810058594,85.42789459228516,18.8700008392334,60.060001373291016,121.4920425415039,112.0364990234375,12.902016639709473,13.0,29.264606475830078,85.12999725341797,14.755086898803711,30.50921630859375,104.55797576904297,14.24738883972168,39.80459976196289,85.79499816894531,57.15999984741211,204.41424560546875,174.14999389648438,90.84469604492188,38.399749755859375,164.71336364746094,62.956886291503906,40.29999923706055,212.25,80.51000213623047,30.15790557861328,350.9121398925781,265.8957824707031,90.4249496459961,63.87200927734375,89.18692779541016,119.34048461914062,141.31468200683594,93.6793212890625,143.12535095214844,228.34735107421875,93.83271789550781
2022-11-01,,56.66206359863281,54.939998626708984,27.651182174682617,175.91000366210938,47.656951904296875,44.959999084472656,28.995832443237305,41.68950271606445,92.18802642822266,45.90079116821289,36.66999816894531,45.523162841796875,106.30529022216797,17.399999618530273,77.62999725341797,125.07624816894531,120.07418060302734,15.171395301818848,11.399999618530273,31.30001449584961,87.05000305175781,16.563676834106445,38.03396224975586,112.7966079711914,13.799936294555664,41.02167892456055,84.94999694824219,53.15999984741211,223.25405883789062,180.88999938964844,95.29156494140625,43.072689056396484,177.48052978515625,68.50025939941406,29.412500381469727,228.57000732421875,75.77999877929688,37.875816345214844,360.62774658203125,264.1096496582031,98.39520263671875,62.341373443603516,98.5560531616211,135.6764678955078,149.1146697998047,100.10236358642578,146.49588012695312,238.4640350341797,100.56334686279297
2022-12-01,,49.23528289794922,52.16999816894531,23.73863410949707,179.6199951171875,47.99190139770508,50.97999954223633,25.485862731933594,37.435848236083984,86.17041015625,36.546974182128906,35.099998474121094,40.6552619934082,94.45264434814453,16.68000030517578,64.7699966430664,113.55138397216797,113.99947357177734,14.536630630493164,9.479999542236328,29.291608810424805,82.01000213623047,16.171815872192383,36.47449493408203,107.7776870727539,13.61062240600586,40.87282943725586,69.7699966430664,48.88999938964844,226.22874450683594,171.07000732421875,91.4602279663086,43.33350372314453,168.2826690673828,67.68073272705078,26.322500228881836,217.89999389648438,73.5,36.162837982177734,355.5353698730469,206.36080932617188,99.79367065429688,55.379722595214844,92.96463012695312,129.828857421875,141.85182189941406,87.45452117919922,130.6861572265625,220.14405822753906,87.95453643798828
2023-01-01,,59.40152359008789,60.18000030517578,33.06855773925781,176.05999755859375,61.83026885986328,52.02000045776367,27.250490188598633,38.1146354675293,100.32661437988281,42.64553451538086,43.400001525878906,48.37425231933594,108.13848114013672,18.709999084472656,75.1500015258789,119.43223571777344,125.8343505859375,14.691468238830566,14.819999694824219,31.740211486816406,76.23999786376953,17.596080780029297,37.96916198730469,119.01011657714844,14.168598175048828,39.031253814697266,79.31999969482422,52.34000015258789,239.38661193847656,179.35000610351562,88.11219024658203,48.5941162109375,182.460693359375,69.40275573730469,26.475000381469727,243.25,74.80999755859375,42.60380172729492,334.4562683105469,267.82373046875,96.60962677001953,61.56597900390625,114.7927474975586,145.31541442871094,151.49778747558594,97.97126007080078,150.94149780273438,231.86976623535156,98.9971694946289
2023-02-01,,56.958473205566406,53.810001373291016,28.95285415649414,138.80999755859375,58.892921447753906,48.220001220703125,24.33236312866211,38.133399963378906,99.87547302246094,44.622154235839844,43.130001068115234,47.01133728027344,112.92222595214844,19.959999084472656,78.58000183105469,143.5081024169922,119.24002838134766,14.21784496307373,15.619999885559082,31.39111328125,68.4000015258789,17.15146827697754,36.82038879394531,115.1253890991211,16.191261291503906,33.79245376586914,94.18499755859375,59.439998626708984,227.2982177734375,159.9600067138672,91.03557586669922,40.03758239746094,174.86001586914062,68.55165100097656,30.172500610351562,219.33999633789062,76.5199966430664,39.118736267089844,303.432373046875,241.99765014648438,95.5572738647461,60.00429153442383,119.99762725830078,152.33155822753906,160.66590881347656,89.26844024658203,148.6761932373047,204.3886260986328,89.51082611083984
2023-03-01,,59.44092559814453,54.0099983215332,28.343402862548828,153.5800018310547,61.004085540771484,52.52000045776367,31.886816024780273,37.729923248291016,106.16583251953125,42.79377746582031,38.08000183105469,51.46417236328125,119.41658782958984,18.290000915527344,98.01000213623047,144.19078063964844,126.36384582519531,14.635565757751465,15.100000381469727,32.62086868286133,63.209999084472656,17.33986473083496,38.74109649658203,125.58543395996094,14.258275032043457,31.74977684020996,99.87000274658203,66.45999908447266,217.13597106933594,161.47999572753906,89.98816680908203,45.432010650634766,169.70486450195312,67.48775482177734,34.314998626708984,201.82000732421875,72.66000366210938,39.06144332885742,334.82666015625,210.7315673828125,96.35748291015625,59.35358428955078,107.99565887451172,172.2266845703125,165.88204956054688,102.81829071044922,146.1438446044922,212.7528839111328,103.09107208251953
2023-04-01,,63.52914810180664,48.25,25.91310691833496,132.88999938964844,54.2227783203125,46.040000915527344,30.315410614013672,41.16089630126953,90.23750305175781,39.076358795166016,34.13999938964844,50.8778076171875,109.88892364501953,17.06999969482422,89.37000274658203,147.67796325683594,103.79756164550781,13.156389236450195,13.609999656677246,30.716140747070312,68.93000030517578,15.501130104064941,37.51530456542969,113.63508605957031,14.866068840026855,32.655799865722656,91.2300033569336,63.04999923706055,208.7363739013672,144.63999938964844,87.87560272216797,43.930580139160156,169.54039001464844,70.34745788574219,30.012500762939453,190.1199951171875,67.37999725341797,36.32952880859375,385.95440673828125,176.81089782714844,104.58123016357422,58.927459716796875,99.29371643066406,171.69149780273438,168.9529571533203,106.39655303955078,139.19088745117188,225.27801513671875,107.2741928100586
2023-05-01,,67.319580078125,52.900001525878906,29.140960693359375,127.70999908447266,55.44987487792969,46.7400016784668,30.81196403503418,42.41019821166992,99.04875946044922,57.89200210571289,36.959999084472656,59.86937713623047,129.92959594726562,15.770000457763672,118.20999908447266,146.38059997558594,97.78739929199219,13.248263359069824,11.279999732971191,28.743040084838867,62.40999984741211,19.133384704589844,43.13909912109375,98.38384246826172,19.23023796081543,28.16286277770996,106.69499969482422,68.33000183105469,196.28662109375,161.8000030517578,82.21257781982422,37.95778274536133,161.8782958984375,63.38071060180664,40.032501220703125,193.3800048828125,94.91000366210938,32.90835952758789,419.802734375,184.50450134277344,99.99839782714844,62.16944885253906,87.78350067138672,164.30467224121094,176.86077880859375,121.7900619506836,116.30852508544922,222.1570587158203,122.29180145263672
2023-06-01,,62.2952880859375,56.72999954223633,28.53902816772461,121.5,57.7111930847168,42.4900016784668,32.77201461791992,51.212135314941406,110.06185150146484,59.1688117980957,50.97999954223633,62.581024169921875,140.8854217529297,17.34000015258789,113.91000366210938,162.42526245117188,107.16050720214844,15.546990394592285,12.539999961853027,32.68925857543945,67.44999694824219,20.828937530517578,47.23204803466797,109.34664154052734,24.680463790893555,30.28082847595215,127.75499725341797,75.58999633789062,234.7330322265625,167.4499969482422,85.59585571289062,39.93289566040039,175.50953674316406,70.87835693359375,36.717498779296875,210.25,98.37999725341797,38.3323860168457,458.4341125488281,213.06173706054688,105.20702362060547,71.58623504638672,104.46570587158203,187.90940856933594,195.7347412109375,118.64791870117188,117.17022705078125,240.10487365722656,119.91275787353516
2023-07-01,,70.60101318359375,52.36000061035156,32.022701263427734,117.66000366210938,59.23162841796875,42.20000076293945,35.05546951293945,50.434268951416016,111.65351104736328,64.52885437011719,47.36000061035156,69.94344329833984,147.75718688964844,19.43000030517578,114.4000015258789,172.08970642089844,117.7669448852539,16.08372688293457,13.069999694824219,31.663049697875977,68.08999633789062,20.617935180664062,50.04928970336914,124.74519348144531,25.91598129272461,36.118934631347656,124.9800033569336,77.72000122070312,254.22640991210938,161.0800018310547,100.10711669921875,40.176273345947266,197.7209014892578,76.84111785888672,40.415000915527344,209.5399932861328,116.72000122070312,42.94673538208008,444.32861328125,202.73768615722656,97.23832702636719,73.57698822021484,102.2120132446289,204.62339782714844,200.8858642578125,131.5535125732422,121.2298583984375,249.17503356933594,131.94668579101562
2023-08-01,,69.16703796386719,54.130001068115234,33.85858917236328,113.06999969482422,66.03160858154297,49.97999954223633,34.561946868896484,53.59832763671875,106.75061798095703,57.71235275268555,37.630001068115234,68.37710571289062,149.22055053710938,17.3799991607666,105.72000122070312,182.8050079345703,119.61888885498047,15.722819328308105,13.140000343322754,30.88100814819336,61.650001525878906,20.791257858276367,49.00593948364258,134.56814575195312,39.24761199951172,39.1072883605957,121.6500015258789,60.209999084472656,269.5277404785156,133.3000030517578,103.40797424316406,36.90001678466797,182.52479553222656,80.8336181640625,40.75749969482422,206.82000732421875,96.4800033569336,38.38754653930664,542.8991088867188,189.7776641845703,99.36271667480469,72.34144592285156,102.22160339355469,197.85443115234375,209.10581970214844,134.97315979003906,113.38135528564453,241.03884887695312,136.14959716796875
2023-09-01,,67.27812194824219,45.18000030517578,34.332611083984375,103.29000091552734,62.17739486694336,47.2599983215332,34.965206146240234,65.66366577148438,99.41751861572266,53.63037872314453,32.63999938964844,61.19911575317383,135.2421112060547,16.75,102.81999969482422,168.78041076660156,130.4941864013672,16.18821144104004,10.859999656677246,28.669845581054688,68.87999725341797,20.331575393676758,44.786624908447266,142.64581298828125,37.065528869628906,36.663089752197266,117.22000122070312,58.68000030517578,261.73321533203125,132.30999755859375,108.83381652832031,34.94783401489258,183.1465301513672,80.33689880371094,41.845001220703125,195.97999572753906,91.08999633789062,35.86750030517578,526.1771850585938,162.74913024902344,94.50475311279297,71.56803894042969,103.23799133300781,201.8032989501953,186.4678497314453,129.70985412597656,99.06420135498047,267.77490234375,130.69769287109375
2023-10-01,,66.24127960205078,39.209999084472656,30.209386825561523,75.95999908447266,64.34583282470703,42.20000076293945,35.899574279785156,64.12712860107422,82.40589141845703,46.83687973022461,29.600000381469727,57.435020446777344,129.28347778320312,13.859999656677246,98.5,180.1110076904297,116.94841766357422,14.333603858947754,9.9399995803833,25.179033279418945,68.9800033569336,19.382064819335938,45.8646354675293,142.5609893798828,39.128055572509766,35.637821197509766,121.51000213623047,57.16999816894531,217.84071350097656,122.05000305175781,103.32644653320312,35.43965530395508,166.9711151123047,78.82643127441406,44.192501068115234,168.36000061035156,81.47000122070312,32.62310791015625,542.6346435546875,121.343994140625,94.27525329589844,69.10286712646484,102.55437469482422,182.8966064453125,166.58204650878906,122.98941802978516,99.26132202148438,268.5863037109375,124.20492553710938
2023-11-01,,75.40431213378906,42.79999923706055,36.34907531738281,77.69999694824219,74.57515716552734,45.849998474121094,44.1092529296875,72.71449279785156,91.38166046142578,55.27783203125,36.790000915527344,69.90391540527344,146.62396240234375,10.470000267028809,121.16000366210938,191.96688842773438,116.37509155273438,15.759509086608887,10.449999809265137,27.068626403808594,73.68000030517578,19.178598403930664,53.32670974731445,141.39352416992188,43.50218963623047,32.300140380859375,147.5449981689453,52.560001373291016,241.6147918701172,135.88999938964844,117.82184600830078,38.39079284667969,180.4221954345703,85.27510070800781,59.247501373291016,197.0800018310547,116.56999969482422,36.04187774658203,580.0577392578125,116.07024383544922,94.07331085205078,86.77262878417969,114.70568084716797,197.16424560546875,187.70384216308594,131.36517333984375,121.12763214111328,272.03363037109375,132.74960327148438
2023-12-01,,84.65081787109375,52.41999816894531,39.403873443603516,99.44999694824219,81.1636734008789,45.0099983215332,49.58590316772461,73.31829071044922,107.52182006835938,59.82067108154297,43.529998779296875,76.68761444091797,158.65501403808594,16.56999969482422,147.41000366210938,203.95614624023438,120.68251037597656,15.949195861816406,11.380000114440918,28.930843353271484,74.20999908447266,22.95403289794922,56.918243408203125,140.60691833496094,47.88290786743164,32.192474365234375,147.44000244140625,58.529998779296875,284.9323425292969,159.08999633789062,121.7068862915039,39.53706359863281,194.5135498046875,81.8999252319336,63.83000183105469,236.39999389648438,121.37999725341797,41.11207580566406,572.0885620117188,138.68113708496094,100.80145263671875,83.70580291748047,114.11507415771484,193.6118927001953,215.19482421875,138.4622039794922,128.92160034179688,271.38165283203125,139.6983184814453
2024-01-01,,85.05750274658203,54.939998626708984,43.07564926147461,101.05000305175781,81.4583969116211,53.0,42.51066207885742,79.78779602050781,95.70155334472656,67.22176361083984,47.540000915527344,80.79098510742188,160.8380126953125,13.390000343322754,167.69000244140625,215.6577911376953,129.92437744140625,14.361793518066406,10.020000457763672,30.869068145751953,75.30999755859375,23.739999771118164,58.16568374633789,156.94595336914062,56.15748977661133,28.341035842895508,169.2550048828125,64.48999786376953,290.74462890625,153.25999450683594,131.91766357421875,32.96506118774414,195.72109985351562,80.56499481201172,73.125,216.27999877929688,124.44000244140625,38.47043228149414,633.6137084960938,110.134765625,111.67493438720703,83.2767333984375,116.61769104003906,184.6725311279297,193.50579833984375,138.8686065673828,125.8981704711914,268.4636535644531,140.5607147216797
2024-02-01,,89.87825775146484,48.470001220703125,44.74600601196289,92.23999786376953,88.46526336669922,56.97999954223633,42.60557556152344,91.12830352783203,102.7585678100586,71.15380096435547,59.47999954223633,91.86243438720703,197.7061309814453,13.109999656677246,192.52999877929688,303.1824035644531,132.3190155029297,14.305435180664062,8.789999961853027,30.898317337036133,78.43000030517578,28.149999618530273,66.95619201660156,161.16836547851562,67.41292572021484,26.94795799255371,155.27499389648438,69.11000061035156,323.3228454589844,154.3000030517578,131.21353149414062,29.85100746154785,201.31581115722656,93.15801239013672,81.0374984741211,254.19000244140625,131.4600067138672,36.64820098876953,740.9721069335938,132.3172149658203,117.56471252441406,85.11034393310547,129.30465698242188,190.5504608154297,240.8326873779297,137.24305725097656,139.4517364501953,301.239990234375,138.558349609375
2024-03-01,,117.05082702636719,47.349998474121094,51.344669342041016,106.55999755859375,89.18640899658203,49.45000076293945,43.714012145996094,109.85262298583984,111.92442321777344,70.37931060791016,60.619998931884766,95.32948303222656,202.22665405273438,14.25,180.49000549316406,315.31390380859375,159.66017150878906,16.775503158569336,8.729999542236328,31.588348388671875,78.4800033569336,28.610000610351562,68.55281066894531,191.90110778808594,81.44733428955078,31.100055694580078,142.06500244140625,68.30999755859375,354.7586669921875,156.3800048828125,150.3923797607422,34.50560760498047,194.42674255371094,106.19673156738281,80.14749908447266,270.95001220703125,123.5999984741211,45.575199127197266,764.8426513671875,126.85585021972656,122.77674865722656,100.24725341796875,143.68482971191406,222.87619018554688,259.0714111328125,149.6034393310547,161.60243225097656,315.0510559082031,150.92929077148438
2024-04-01,,112.15592193603516,43.7599983215332,53.293418884277344,110.30999755859375,82.3428955078125,46.22999954223633,30.155445098876953,120.4563980102539,115.38640594482422,65.49944305419922,54.630001068115234,87.75861358642578,194.7937774658203,15.989999771118164,158.3800048828125,307.0765686035156,149.53933715820312,16.08480453491211,7.360000133514404,31.990880966186523,73.05999755859375,28.649999618530273,67.64215087890625,173.06338500976562,92.7464599609375,28.661489486694336,145.44500732421875,63.18000030517578,325.0941162109375,147.94000244140625,131.85804748535156,39.126895904541016,158.63465881347656,108.8582992553711,73.13500213623047,229.0,125.5,48.54899978637695,767.9298095703125,115.849609375,120.23655700683594,98.07192993164062,126.1301040649414,201.3685760498047,257.9230651855469,161.34927368164062,146.80186462402344,316.5901184082031,163.20111083984375
2024-05-01,,124.11021423339844,43.5,56.64918518066406,142.5500030517578,89.36853790283203,48.16999816894531,30.655534744262695,134.87559509277344,139.9291534423828,68.3813705444336,57.060001373291016,91.49009704589844,211.2893524169922,19.200000762939453,166.89999389648438,325.1522521972656,148.0029296875,16.699810028076172,8.239999771118164,35.98199462890625,71.58999633789062,33.130001068115234,74.6866455078125,168.9957275390625,97.80261993408203,27.831912994384766,147.4550018310547,59.31999969482422,328.9322814941406,138.47999572753906,131.88510131835938,40.378482818603516,157.26182556152344,112.83811950683594,78.4175033569336,208.44000244140625,110.18000030517578,51.26129150390625,807.8829345703125,118.0450668334961,116.81237030029297,115.55428314208984,129.76510620117188,195.35321044921875,275.2602844238281,170.9838409423828,143.3866424560547,328.67596435546875,172.43966674804688
2024-06-01,,130.59371948242188,50.91999816894531,57.010345458984375,118.75,99.64012908935547,48.18000030517578,30.774776458740234,133.28097534179688,147.22642517089844,69.4645767211914,72.45999908447266,104.6773910522461,231.83084106445312,17.809999465942383,162.2100067138672,302.0874328613281,147.64498901367188,20.151254653930664,7.440000057220459,37.517459869384766,66.30000305175781,29.489999771118164,81.07630157470703,166.00067138671875,86.35758209228516,26.838239669799805,169.5050048828125,60.27000045776367,323.665771484375,136.75,131.0127410888672,40.55311965942383,156.52809143066406,122.90697479248047,95.79750061035156,206.5800018310547,129.69000244140625,47.24631881713867,891.6315307617188,92.31986999511719,115.88248443603516,123.5854263305664,125.99260711669922,231.90707397460938,253.46409606933594,180.75624084472656,135.93080139160156,377.9902648925781,182.0238800048828
2024-07-01,,109.13365173339844,51.779998779296875,50.44929504394531,119.22000122070312,98.57878875732422,52.7400016784668,30.546226501464844,110.24534606933594,130.2193145751953,66.61814880371094,69.68000030517578,90.56017303466797,208.4601287841797,20.079999923706055,144.47999572753906,330.19830322265625,152.31661987304688,18.951889038085938,8.649999618530273,38.637672424316406,76.91999816894531,32.150001525878906,80.9346923828125,169.38804626464844,78.50688934326172,28.657398223876953,162.36500549316406,58.040000915527344,337.7648010253906,139.57000732421875,135.01268005371094,47.526668548583984,169.39276123046875,129.83648681640625,57.9900016784668,244.10000610351562,116.44000244140625,44.274681091308594,792.056884765625,90.5318374633789,105.89486694335938,122.32744598388672,129.61184692382812,233.77105712890625,264.82012939453125,170.2274169921875,138.1069793701172,384.21142578125,171.83206176757812
2024-08-01,,95.63851165771484,57.61000061035156,49.35078048706055,77.4000015258789,96.0508804321289,57.650001525878906,22.040000915527344,112.04915618896484,135.74935913085938,75.82810974121094,77.94999694824219,80.70730590820312,194.15481567382812,18.540000915527344,148.55999755859375,351.4935302734375,139.1186981201172,18.437875747680664,7.840000152587891,40.6866455078125,78.83000183105469,32.4900016784668,80.72422790527344,170.3024444580078,82.82626342773438,26.176637649536133,181.36000061035156,76.70999908447266,347.4235534667969,154.1199951171875,131.29827880859375,51.71079635620117,169.8744354248047,140.98892211914062,69.31999969482422,197.75,116.26000213623047,43.172935485839844,946.7627563476562,87.22642517089844,110.8746337890625,116.29680633544922,116.27316284179688,231.07949829101562,274.549560546875,162.12985229492188,142.1575469970703,359.3836669921875,163.85324096679688
2024-09-01,,103.06183624267578,63.380001068115234,51.38228988647461,66.83000183105469,106.39112854003906,61.59000015258789,23.459999084472656,114.95851135253906,133.09544372558594,71.73037719726562,88.91000366210938,80.46669006347656,198.869384765625,24.81999969482422,164.0800018310547,388.11248779296875,128.02561950683594,19.61475944519043,8.25,43.8949089050293,75.27999877929688,33.43000030517578,76.2891845703125,156.63941955566406,99.2744140625,22.47386932373047,170.89999389648438,77.55000305175781,381.59027099609375,158.92999267578125,123.00730895996094,52.020896911621094,169.0211181640625,142.0542449951172,70.11750030517578,196.97000122070312,115.05999755859375,48.67192840576172,873.705810546875,91.95783233642578,107.00855255126953,118.98458099365234,123.11476135253906,212.71109008789062,297.5209045410156,164.79934692382812,144.23043823242188,372.6754150390625,166.13583374023438
2024-10-01,,99.1386947631836,63.869998931884766,49.14009475708008,54.36000061035156,97.49363708496094,63.5099983215332,21.520000457763672,120.32081604003906,105.54816436767578,79.74317169189453,92.44000244140625,73.31018829345703,178.7216339111328,25.059999465942383,144.07000732421875,388.7984924316406,123.02897644042969,18.684831619262695,8.130000114440918,46.2670783996582,62.2599983215332,34.66999816894531,65.632080078125,139.87071228027344,109.05317687988281,21.901758193969727,180.1649932861328,78.66000366210938,368.35247802734375,149.00999450683594,113.9958267211914,44.22506332397461,177.15194702148438,160.96624755859375,74.21749877929688,178.5800018310547,125.44000244140625,44.02960205078125,818.2818603515625,91.97725677490234,96.41699981689453,111.55777740478516,127.43081665039062,212.84320068359375,301.08447265625,170.02603149414062,138.84466552734375,390.8375244140625,171.60113525390625
2024-11-01,,97.44742584228516,86.97000122070312,54.91863250732422,43.060001373291016,98.4261245727539,69.72000122070312,24.049999237060547,124.17481994628906,109.4359130859375,92.26557159423828,100.16000366210938,72.84677124023438,172.36416625976562,25.290000915527344,137.17999267578125,490.82745361328125,132.8666229248047,20.34336280822754,10.479999542236328,47.600337982177734,60.0,38.970001220703125,63.917484283447266,151.00494384765625,127.32350158691406,21.020118713378906,193.91000366210938,95.05000305175781,397.6385498046875,170.83999633789062,126.48594665527344,41.06160354614258,185.90301513671875,196.9657440185547,86.49250030517578,199.05999755859375,152.75,43.22764205932617,785.6658325195312,104.57035064697266,95.77622985839844,118.64924621582031,141.8534393310547,235.2428741455078,343.8969421386719,167.8797149658203,123.322998046875,418.0209655761719,169.41500854492188
2024-12-01,,83.83695983886719,83.94999694824219,44.86639404296875,41.58000183105469,84.45935821533203,84.80999755859375,20.049999237060547,112.15538787841797,125.2742691040039,109.9442367553711,94.7300033569336,71.43854522705078,160.4463653564453,22.899999618530273,120.79000091552734,421.9601745605469,117.11331176757812,20.596166610717773,10.569999694824219,46.475608825683594,60.58000183105469,38.38999938964844,62.24700927734375,134.903564453125,113.39774322509766,21.428457260131836,181.9600067138672,94.4800033569336,355.1928405761719,160.6300048828125,107.55742645263672,36.440467834472656,167.76589965820312,172.09194946289062,85.54000091552734,184.60000610351562,142.88999938964844,37.24228286743164,762.6001586914062,83.90758514404297,94.49121856689453,112.30271911621094,111.83928680419922,219.73721313476562,315.4784240722656,188.31639099121094,125.99803924560547,393.5290832519531,189.45391845703125
2025-01-01,,90.8897933959961,85.05999755859375,49.00466537475586,39.41999816894531,94.29388427734375,87.13999938964844,19.43000030517578,101.23078155517578,115.19622802734375,112.40023803710938,90.48999786376953,80.16190338134766,177.92845153808594,27.65999984741211,115.94999694824219,434.5873107910156,128.0960235595703,20.441814422607422,10.4399995803833,50.935394287109375,64.02999877929688,41.650001525878906,72.927734375,140.908935546875,116.80136108398438,20.56890296936035,184.4199981689453,100.87999725341797,365.0251159667969,178.35000610351562,111.27704620361328,41.825279235839844,168.31640625,190.4309844970703,99.51750183105469,164.75999450683594,142.7100067138672,35.19498825073242,801.204345703125,82.0652847290039,93.86431121826172,118.65911102294922,125.6929702758789,206.88087463378906,307.1508483886719,202.9599151611328,128.5426483154297,418.89495849609375,204.53543090820312
2025-02-01,46.849998474121094,93.27061462402344,70.33000183105469,48.70700454711914,30.959999084472656,99.72489166259766,79.56999969482422,23.729999542236328,100.41000366210938,109.4129867553711,91.44595336914062,75.19000244140625,75.89912414550781,156.30679321289062,31.229999542236328,99.86000061035156,361.5308837890625,125.90972137451172,19.11054039001465,11.460000038146973,49.3297004699707,58.15999984741211,37.88999938964844,70.18161010742188,146.06747436523438,94.9921875,19.41524314880371,190.42999267578125,108.01000213623047,338.0098571777344,159.52999877929688,123.53910827636719,41.94276428222656,158.87002563476562,195.1917266845703,97.41500091552734,165.30999755859375,116.55000305175781,36.235618591308594,910.98779296875,75.08597564697266,87.62378692626953,96.99726104736328,132.42861938476562,205.34219360351562,259.24249267578125,169.39520263671875,116.78870391845703,411.8747863769531,171.3282470703125
2025-03-01,47.61000061035156,86.66918182373047,62.34000015258789,40.2457389831543,28.350000381469727,83.80928039550781,60.43000030517578,22.709999084472656,89.06550598144531,82.26390075683594,61.319183349609375,64.94000244140625,72.12039947509766,143.50123596191406,25.579999923706055,102.73999786376953,321.13006591796875,127.20030212402344,15.005380630493164,10.729999542236328,45.03117370605469,60.709999084472656,33.08000183105469,67.30638885498047,141.70042419433594,72.09585571289062,19.715383529663086,170.63999938964844,96.26000213623047,324.1042175292969,149.77000427246094,117.62364196777344,47.54945373535156,145.82057189941406,193.98220825195312,88.1449966430664,150.52000427246094,99.20999908447266,37.16826629638672,817.2597045898438,70.59732818603516,85.99522399902344,85.36457824707031,123.13060760498047,191.4486846923828,253.80059814453125,154.01365661621094,98.10102081298828,431.5929870605469,155.5980987548828
2025-04-01,32.11000061035156,76.75443267822266,59.040000915527344,43.66011047363281,28.540000915527344,89.80764770507812,67.16000366210938,20.100000381469727,90.23656463623047,73.90805053710938,58.198265075683594,64.31999969482422,71.09860229492188,149.02890014648438,22.479999542236328,97.3499984741211,396.0700378417969,111.80951690673828,15.773640632629395,8.670000076293945,43.654075622558594,59.849998474121094,34.34000015258789,69.57270050048828,133.6471710205078,85.25684356689453,14.814443588256836,186.92999267578125,103.76000213623047,305.39215087890625,145.39999389648438,99.12467956542969,51.88288116455078,128.70059204101562,166.30288696289062,107.21749877929688,118.62000274658203,102.16000366210938,35.52960968017578,889.534912109375,57.39341354370117,81.62647247314453,87.78008270263672,127.68843841552734,165.17926025390625,292.3636169433594,158.15679931640625,90.90042114257812,459.9820251464844,160.23927307128906
2025-05-01,37.689998626708984,94.2199478149414,72.27999877929688,51.3150634765625,26.559999465942383,116.3563003540039,80.05999755859375,19.549999237060547,109.4226303100586,78.39929962158203,60.01291275024414,75.62999725341797,80.1458969116211,155.4422607421875,17.729999542236328,110.7300033569336,476.9128723144531,125.26837921142578,16.804473876953125,9.970000267028809,49.053775787353516,56.439998626708984,42.29999923706055,75.11840057373047,157.22406005859375,107.77432250976562,16.215810775756836,192.4199981689453,101.77999877929688,343.66619873046875,157.0399932861328,109.13957214355469,52.16535568237305,137.29098510742188,153.68174743652344,117.84249877929688,135.6300048828125,117.87999725341797,37.94558334350586,731.4402465820312,54.65852737426758,73.61712646484375,96.9835433959961,121.15192413330078,171.28131103515625,342.1780090332031,171.04440307617188,89.38202667236328,435.7630310058594,172.15090942382812
2025-06-01,45.349998474121094,122.93677520751953,95.05999755859375,63.817054748535156,27.59000015258789,143.14805603027344,81.33000183105469,22.399999618530273,120.56452941894531,89.69039916992188,77.17227935791016,89.20999908447266,96.80422973632812,181.54269409179688,27.700000762939453,141.89999389648438,534.733154296875,130.5619659423828,20.032726287841797,11.460000038146973,52.02133560180664,54.279998779296875,49.91999816894531,88.89990997314453,162.47657775878906,128.26870727539062,17.43604850769043,204.63999938964844,105.72000122070312,383.3423767089844,163.86000061035156,114.7369613647461,57.647064208984375,141.98764038085938,169.3973388671875,127.32749938964844,151.72999572753906,134.3300018310547,42.747947692871094,772.9467163085938,61.832828521728516,76.59915161132812,104.21133422851562,126.4969711303711,179.666748046875,377.65838623046875,175.72869873046875,93.79360961914062,507.94219970703125,176.8848876953125
2025-07-01,42.91999816894531,108.9651107788086,110.08000183105469,78.47733306884766,29.559999465942383,155.72421264648438,92.83999633789062,19.799999237060547,131.02040100097656,107.15568542480469,80.19913482666016,107.5999984741211,94.31800079345703,178.5577850341797,32.59000015258789,176.30999755859375,701.3629150390625,134.4591827392578,20.2678279876709,13.170000076293945,62.556175231933594,26.06999969482422,49.869998931884766,87.24147033691406,166.4673309326172,145.4398193359375,18.639894485473633,173.60000610351562,99.9000015258789,434.1122741699219,163.91000366210938,118.85325622558594,61.44667053222656,142.43260192871094,162.90699768066406,113.64250183105469,169.63999938964844,139.97999572753906,39.81201171875,733.8199462890625,66.94364166259766,75.59278869628906,102.33897399902344,126.05229187011719,176.6474151611328,405.7844543457031,191.35409545898438,95.55252838134766,517.7572021484375,192.3108367919922
2025-08-01,52.470001220703125,118.81929016113281,132.80999755859375,80.12285614013672,24.09000015258789,166.0291290283203,93.97000122070312,24.350000381469727,120.61302947998047,117.9380874633789,62.73633575439453,90.47000122070312,99.59877014160156,159.87571716308594,61.790000915527344,162.6300048828125,701.9425659179688,148.85398864746094,22.109468460083008,11.640000343322754,66.57563018798828,29.040000915527344,53.619998931884766,86.73210906982422,176.75762939453125,127.40965270996094,22.43744468688965,190.52000427246094,78.7699966430664,415.3016357421875,163.42999267578125,129.73817443847656,73.61727142333984,143.8129425048828,164.2285614013672,105.92500305175781,163.30999755859375,136.67999267578125,43.92776870727539,727.9887084960938,83.78560638427734,81.39868927001953,110.85002899169922,129.37258911132812,182.638671875,377.638427734375,212.3043670654297,92.24468994140625,492.80413818359375,212.92198181152344
2025-09-01,112.19999694824219,167.0518798828125,162.7100067138672,119.8749008178711,25.829999923706055,234.86485290527344,145.6699981689453,33.54999923706055,139.9861602783203,137.42666625976562,83.89126586914062,107.72000122070312,133.4259490966797,203.61380004882812,76.36000061035156,161.7899932861328,823.4937133789062,166.72509765625,24.186002731323242,19.530000686645508,81.47395324707031,35.68000030517578,57.970001220703125,107.28126525878906,189.5735626220703,150.73648071289062,23.46172332763672,203.6199951171875,84.08000183105469,472.8932189941406,174.9199981689453,132.1079864501953,83.70045471191406,133.08078002929688,164.01321411132812,122.59500122070312,156.4600067138672,142.39999389648438,38.8028678894043,758.2180786132812,80.43094635009766,82.01707458496094,116.4225082397461,138.27981567382812,187.57960510253906,414.0673828125,242.62527465820312,86.20909118652344,563.3584594726562,243.0735626220703
2025-10-01,199.3300018310547,223.55133056640625,201.55999755859375,149.97840881347656,27.15999984741211,254.5845184326172,189.9199981689453,39.9900016784668,160.5414581298828,181.47828674316406,93.6026382446289,131.9600067138672,156.90257263183594,231.81781005859375,74.87000274658203,256.1199951171875,963.6068115234375,166.0396270751953,24.048133850097656,22.450000762939453,88.47615814208984,35.369998931884766,62.52000045776367,120.22543334960938,191.70791625976562,192.70208740234375,22.131690979003906,220.24000549316406,86.43000030517578,573.7537841796875,182.9600067138672,132.22451782226562,80.38459777832031,167.48916625976562,151.79922485351562,135.75250244140625,180.07000732421875,162.80999755859375,41.40446472167969,857.4521484375,97.44365692138672,84.02035522460938,116.25768280029297,155.5065460205078,201.906005859375,448.856201171875,280.6408996582031,89.1115493774414,511.97210693359375,281.2687072753906
2025-11-01,223.27999877929688,236.2489013671875,325.1600036621094,163.07818603515625,25.979999542236328,275.2891540527344,204.2100067138672,40.560001373291016,132.14126586914062,181.74534606933594,89.26899719238281,164.25999450683594,155.44773864746094,251.3542022705078,73.29000091552734,217.52999877929688,975.5450439453125,174.18161010742188,21.53696632385254,24.0,83.9145278930664,39.34000015258789,59.11000061035156,117.11244201660156,191.50669860839844,179.6498565673828,24.398603439331055,190.1300048828125,81.12999725341797,572.262939453125,197.9499969482422,134.15208435058594,90.33582305908203,172.99810791015625,172.75982666015625,127.29000091552734,178.13999938964844,160.00999450683594,42.675392150878906,1070.2991943359375,128.94943237304688,102.44072723388672,110.11808776855469,166.44557189941406,219.29495239257812,464.5965576171875,319.5547790527344,88.19110107421875,569.106201171875,319.4938049316406
2025-12-01,237.3800048828125,285.24627685546875,368.5899963378906,172.14271545410156,29.489999771118164,274.7145690917969,233.8699951171875,36.900001525878906,124.73896789550781,193.4060516357422,84.85547637939453,184.57000732421875,170.8547821044922,256.0773620605469,108.69999694824219,214.16000366210938,931.9573364257812,160.41539001464844,23.79648780822754,28.81999969482422,87.26313781738281,41.150001525878906,60.41999816894531,121.0588150024414,160.76361083984375,161.937744140625,23.900272369384766,184.1999969482422,79.41000366210938,569.3904418945312,203.19000244140625,126.39443969726562,99.41619873046875,193.26539611816406,181.81614685058594,117.19000244140625,199.47999572753906,135.99000549316406,50.43004608154297,1069.5130615234375,140.73123168945312,103.74008178710938,105.70586395263672,168.54493713378906,230.95700073242188,421.80267333984375,312.5931091308594,95.12999725341797,551.3983764648438,313.3904724121094
2026-01-01,576.25,414.6419982910156,391.8399963378906,250.04510498046875,44.06999969482422,406.6900939941406,251.80999755859375,46.470001220703125,113.8987808227539,240.8582763671875,78.8610610961914,212.17999267578125,233.01649475097656,321.1753845214844,113.22000122070312,236.72999572753906,1140.46923828125,178.7834930419922,21.31974983215332,27.540000915527344,102.89994049072266,43.31999969482422,63.040000915527344,142.26611328125,174.16799926757812,186.0969696044922,26.05104637145996,176.97000122070312,81.26000213623047,654.89599609375,216.3300018310547,140.6167755126953,111.86189270019531,201.5990753173828,199.0441131591797,110.35124969482422,210.47999572753906,129.32000732421875,59.9521484375,1032.1634521484375,169.77496337890625,108.677734375,95.5687255859375,178.6108856201172,257.65386962890625,474.46429443359375,337.56060791015625,102.64306640625,605.6254272460938,338.08819580078125
2026-02-01,635.3599853515625,412.1334533691406,700.9099731445312,279.4933166503906,53.56999969482422,406.8396911621094,348.70001220703125,45.61000061035156,147.3796844482422,319.9091796875,81.62899017333984,258.92999267578125,233.44566345214844,371.4405517578125,115.52999877929688,200.2100067138672,1427.3291015625,202.88824462890625,21.270214080810547,28.170000076293945,150.14988708496094,44.880001068115234,63.02000045776367,152.08876037597656,196.91722106933594,254.77633666992188,29.957223892211914,148.9199981689453,79.02999877929688,740.045654296875,307.3299865722656,152.40872192382812,129.43521118164062,232.5840301513672,233.5287322998047,92.99500274658203,178.49000549316406,111.95999908447266,67.76593780517578,1048.679443359375,177.77467346191406,122.0320816040039,98.22699737548828,192.0984649658203,309.42449951171875,562.8834228515625,311.354736328125,111.86634063720703,684.601318359375,311.0235595703125
2026-03-01,635.3400268554688,337.7880554199219,702.760009765625,270.41949462890625,50.79999923706055,391.4808654785156,388.2300109863281,44.130001068115234,163.35379028320312,296.3480529785156,98.97602844238281,238.2100067138672,213.5095977783203,341.0010070800781,117.06999969482422,203.42999267578125,1377.736328125,244.96493530273438,23.740541458129883,27.459999084472656,135.76193237304688,32.7400016784668,65.45999908447266,146.88729858398438,242.58737182617188,250.5278778076172,41.8631706237793,160.32000732421875,81.72000122070312,705.8045043945312,282.3699951171875,179.91200256347656,107.9978256225586,211.15013122558594,248.31491088867188,97.60250091552734,172.5,118.05000305175781,58.50883865356445,916.8756103515625,179.0728759765625,119.43114471435547,101.55975341796875,179.5926971435547,285.9370422363281,548.8283081054688,287.3883361816406,119.15106964111328,726.8103637695312,286.68743896484375
2026-04-01,1096.510009765625,517.0804443359375,902.3200073242188,434.40673828125,45.939998626708984,673.1600341796875,527.5800170898438,94.4800033569336,208.60528564453125,343.34033203125,165.10926818847656,319.7099914550781,257.678466796875,393.5793151855469,123.13999938964844,354.489990234375,1838.5770263671875,250.41786193847656,28.686073303222656,27.049999237060547,163.98867797851562,53.689998626708984,91.55000305175781,174.61453247070312,246.6705780029297,328.4216613769531,40.44533157348633,179.32000732421875,84.30999755859375,888.4617919921875,349.9100036621094,176.9197235107422,110.83120727539062,250.639892578125,258.86846923828125,111.4375,166.97000122070312,132.19000244140625,57.64009475708008,931.6588745117188,196.19915771484375,108.40046691894531,110.43457794189453,228.142578125,323.7724609375,727.6588134765625,384.5702819824219,127.55653381347656,820.9644165039062,381.71026611328125
2026-05-01,1694.97998046875,970.8507080078125,854.9600219726562,531.071533203125,47.189998626708984,879.173095703125,580.22998046875,114.68000030517578,420.2156066894531,374.30999755859375,204.94943237304688,361.4700012207031,317.9560241699219,449.5792541503906,129.19000244140625,516.0999755859375,1827.263671875,243.8775177001953,42.91444778442383,27.010000228881836,181.16000366210938,59.599998474121094,150.77999877929688,191.9540557861328,248.0906982421875,315.6443176269531,36.17538833618164,281.69000244140625,137.97000122070312,874.2481689453125,338.3299865722656,174.95144653320312,109.80999755859375,275.96453857421875,253.88182067871094,182.75,180.7100067138672,247.35000610351562,65.55089569091797,1103.4188232421875,175.97079467773438,117.87236022949219,173.76223754882812,259.5613098144531,330.5479736328125,711.6212768554688,380.1129455566406,126.10209655761719,766.565185546875,376.2035827636719
2026-06-01,2273.72998046875,1154.112548828125,858.0599975585938,638.719970703125,70.02999877929688,965.0,490.55999755859375,139.6300048828125,430.7481994628906,483.8399963378906,297.8165283203125,394.4700012207031,433.3299865722656,722.2277221679688,101.5,580.9099731445312,1980.924072265625,259.4373779296875,45.11000061035156,26.65999984741211,255.42999267578125,64.19000244140625,162.07000732421875,301.3693542480469,254.9718475341797,334.82000732421875,32.34236526489258,341.0199890136719,153.6199951171875,1062.92822265625,350.07000732421875,168.15750122070312,93.4000015258789,288.942626953125,266.89093017578125,190.78500366210938,226.7899932861328,260.3599853515625,62.73772430419922,1197.7137451171875,135.02999877929688,128.5,154.2913818359375,229.4600067138672,313.1300048828125,719.9299926757812,357.3699951171875,129.61514282226562,794.1944580078125,353.3299865722656
2026-07-01,1214.8299560546875,823.030029296875,713.9400024414062,544.8400268554688,54.81999969482422,856.1300048828125,377.04998779296875,90.19999694824219,405.3699951171875,367.69000244140625,187.55999755859375,262.8900146484375,293.0199890136719,507.12774658203125,84.08999633789062,476.1499938964844,1728.794677734375,312.8999938964844,47.900001525878906,26.299999237060547,138.25,62.220001220703125,113.75,182.6136016845703,315.6058349609375,241.57000732421875,37.31999969482422,331.8299865722656,161.9499969482422,814.8099975585938,319.0799865722656,210.5624237060547,93.70999908447266,271.29241943359375,270.3699951171875,190.86000061035156,232.50999450683594,267.9700012207031,62.630001068115234,1147.196044921875,117.63999938964844,130.1999969482422,178.5,251.25999450683594,307.3999938964844,667.3599853515625,356.1300048828125,143.38941955566406,871.0,356.6499938964844
2026-08-01,1596.0799560546875,966.780029296875,866.7100219726562,459.44000244140625,145.1300048828125,850.0,395.7900085449219,90.06999969482422,442.0799865722656,375.739990234375,237.0399932861328,289.5199890136719,314.0,492.32000732421875,86.80999755859375,473.25,1655.6099853515625,348.8599853515625,53.45000076293945,28.549999237060547,149.83999633789062,65.0199966430664,110.44999694824219,183.99000549316406,360.7200012207031,261.95001220703125,43.38999938964844,357.8699951171875,153.50999450683594,827.9000244140625,316.1300048828125,242.8699951171875,131.5800018310547,275.45001220703125,299.1000061035156,191.9499969482422,295.19000244140625,235.6199951171875,76.66000366210938,1255.4000244140625,143.25,152.5500030517578,192.27000427246094,228.67999267578125,325.0799865722656,639.3400268554688,344.82000732421875,165.44000244140625,835.739990234375,341.75
